,AircraftBuoyant,Apartment,AquaticAnimal,Bed,Bicycle,Biplane,Bird,Bookset,Bottle,BuildingNonResidential,Bus,Car,Cellphone,Chess,City,ClassicPiano,Computer,ComputerKeyboard,Cup,DeskLamp,DeskPhone,Door,Drum,Fish,FloorLamp,Glasses,Guitar,Gun,Hand,Hat,Helicopter,House,HumanHead,Humanoid,Insect,Jet,Knife,MilitaryVehicle,Monitor,Monoplane,Motorcycle,Mug,MultiSeat,Musical_Instrument,NonWheelChair,PianoBoard,PlantIndoors,PlantWildNonTree,Quadruped,RectangleTable,Rocket,RoundTable,Shelf,Ship,Sign,Skyscraper,Spoon,Starship,SubmachineGun,Sword,Tool,Train,Tree,Truck,TruckNonContainer,Vase,Violin,Wheel,WheelChair
AircraftBuoyant,7.794111189157841,11.213063098010105,11.561962825110827,15.063545172048032,9.473266587976596,9.458107141888185,10.325726273077244,14.795387722996589,8.337859207802301,11.97874950448262,15.750299972441505,8.570210055584734,10.127017429207129,7.64990090258843,12.991661829721899,11.04691921328306,9.86741387649491,16.184113829569057,12.505252339078547,11.36239964344862,9.525421966652372,11.061084014508967,16.924613611538337,7.922245338275466,14.133512041220783,16.402669984895525,16.04257816262111,14.428501405411781,7.547412819217761,9.386087808329716,10.415477702181143,10.593210091670022,11.239778530420594,9.875284836860407,10.260625689542042,11.009416078772873,19.801494287173572,8.345321743002975,12.496932122582603,10.373378972899127,8.149789835175024,10.699355556171586,9.582569522710475,15.126743987565744,9.068633227078452,14.811420304426214,11.773387238682966,12.47406751653917,7.757563318716688,13.70618221962888,13.735774924105778,12.021097956640942,11.982470149043314,12.572508482496106,16.927864425169783,10.62614309242858,19.284558064704285,8.995421713406772,15.80595381998727,27.665473077907453,14.705112790482588,14.161978129307935,12.141060694148758,11.985912275880674,9.82481490703179,10.120806086404013,12.85478012072882,9.708363771598355,8.494251260009548
Apartment,11.213063098010105,8.281840436622794,14.771581287802453,10.917487916719512,10.717882685099672,11.216662461524662,12.78478867130398,11.541870292702527,11.491188669267013,10.024201147650562,16.022484779123737,8.73054341063443,12.850414721547118,8.238370449371596,14.275791786296645,8.708096677131493,7.109259973939395,17.677957932362727,10.364374975163111,12.220938537260754,9.129741351192706,11.183861039155,14.42237590099633,11.254244152464882,15.728572639152494,14.144399318102785,19.209401144000342,17.229220796672518,9.791543106786163,8.372372722485327,12.606097156628408,8.688135854493044,12.37867376275097,12.381970578689453,10.977626686930408,13.505272872102658,23.589814550013262,7.463090642784175,9.60330013462918,13.035972670899723,9.29479350834672,8.429454760156835,7.811879507595371,17.160582928940446,8.50964601773694,12.78503360934621,11.997769915891945,14.081291710089262,9.200541551686143,10.650449021151106,17.176866626572473,9.654673931198461,8.03882421683756,15.51187068993195,18.465167255357446,12.60176280119992,22.404743476863224,10.890533147326394,19.107163415620324,30.8917288590861,16.479686210011153,16.034930295471987,13.454826233649165,12.026217436553756,8.291582183502054,8.936401795496385,16.712521878327127,9.432001182287204,8.558954524522278
AquaticAnimal,11.561962825110827,14.771581287802453,5.483062998129168,19.35597905739288,7.285024574757038,7.163944422611758,6.742194876000281,20.405175572792704,9.241311275773723,13.951396200267435,16.713743620066076,11.444513511060006,11.392656049488819,9.213043899303306,9.768707411477047,12.60589106210828,13.076439679794268,13.91285885869636,14.23749958124643,10.755376675820196,11.235407209717136,9.997456470544059,23.147644505191003,4.160892564658349,12.134504137973924,17.933084428673187,9.467423138950233,8.431402343076575,7.218081245694257,13.383892669642538,6.500328228416318,13.278971713984175,18.476079043837675,5.384485020530326,8.97497983489169,5.534360589248653,12.950241982792809,11.461812097800362,16.994930579082137,5.748233302536133,6.369206844678521,15.10630462365981,12.610985779403475,10.162673201760677,9.894041226723065,17.94407427252761,10.425231467332761,9.097323895522033,7.695791636056293,16.524301576296704,7.346335271941393,15.084798078526852,14.7918072268178,7.245223385246815,11.653124353807994,8.556201646235094,12.544790703355607,7.385601928973666,7.916260078611168,20.175830777358517,9.507086501060234,12.32605939736958,9.941544096079491,12.313214927749883,12.597998449105717,14.285609538015146,7.055216779883467,14.691266726236247,9.11445270684062
Bed,15.063545172048032,10.917487916719512,19.35597905739288,6.395035306929113,13.51935261341883,15.253724774525814,17.242617958494375,15.317662897152026,15.386828065858307,11.629500020886333,20.184320468734626,10.945157285250005,15.969451191339964,10.300353603108757,17.825365492163197,11.831962598166061,8.537906122532577,22.52282823199281,9.872019706957412,13.578233711361035,11.491994146534866,13.330520950001347,15.412314869040749,15.472140374717451,18.073489894247093,9.39142493756598,22.693232468258614,21.19040324735669,14.178551815153822,9.796138724725068,16.661171225189722,11.189794286326574,16.27844556554156,16.035732786654233,14.20394763528138,18.160670920481998,28.011244059949924,10.675259010123591,8.502442934209546,17.48821454230838,13.093215662724319,8.802955438374546,8.79269069888116,20.34154423268342,10.757725254235194,14.751489113622045,15.543698759854049,17.930346794782903,12.719938615746129,8.402205060612145,21.503271597325597,8.440787502223616,7.98850338855652,19.61854861910818,21.154701082307785,17.79239242733127,25.842581221150674,14.948421837614243,23.336387950429845,34.20219366202939,19.349138171311655,19.852330433532654,17.32096874338511,15.571806890963558,11.50655400981819,11.104504694944913,21.29378849792735,10.96609722832885,11.406267219800895
Bicycle,9.473266587976596,10.717882685099672,7.285024574757038,13.51935261341883,-0.11883755292847932,3.0463452494271746,5.165153199514112,16.035365397136957,7.995077988598761,9.70002216715196,14.625155527811724,6.502818193889006,9.431057453925972,5.3536293911040405,6.7746611505989005,8.171916759491104,8.125201899534098,12.858920471978978,8.364734704556438,5.449383929089352,6.687786319665585,5.191157058991329,19.534854723546967,3.472792837123586,9.79803022954245,10.69592093675304,11.054929057825426,9.571719696042761,5.519793507608897,7.697217797425825,3.9677476425482694,9.237769762659134,15.746689368546251,4.590532283763503,4.556426749868578,4.229074858805648,16.16863977529609,8.386247566006078,10.81644009550571,3.483223176402194,2.493642010704873,9.579718348084869,6.949251406368157,10.081428324818141,4.663172853472177,14.083089543045086,7.031694152403726,6.608239775937807,4.326465734471394,9.925035371086327,9.535087284584748,8.705760003372147,8.293217333801643,8.339784565302574,11.08018459668062,8.979109405340202,14.290951872038466,4.868613968464748,10.651873452703157,22.524971254919485,8.206371566406899,11.047087921617171,6.837448882717584,9.572134177456821,7.515442818233908,9.89517234351,9.374811743170046,9.408059333909621,4.2555084653603865
Biplane,9.458107141888185,11.216662461524662,7.163944422611756,15.253724774525814,3.0463452494271746,2.2021454730617878,4.417061676729029,16.673463733492284,8.02959032685717,9.97590441888356,15.444355424447053,7.819715533084778,10.254203944809188,6.328729772647928,7.097714507421775,8.373444485053966,8.69424645420857,14.599674503569272,9.43903548714394,7.264823044237344,7.620498375387358,7.460446454405794,19.897541669002077,3.0590367712105677,9.86957135798126,13.004847901010987,11.903638024975292,9.999368785990843,5.135774457666394,8.524129235628358,3.5013256903671293,9.383384938754848,15.948086569341745,5.11366144971333,4.390575136384185,3.8251653789652824,16.411232113460812,8.148076357141104,12.595923938557817,3.27112830666642,3.1239458080850966,10.82171756058455,8.378330328080803,10.721866256547258,4.744735752297653,14.941076157375383,6.183351457931916,6.173315567794682,4.275831124877467,11.236676795703769,9.690084515448596,9.828903756411298,9.615148500061906,8.0843165369133,11.6814735696056,8.48455135485293,14.718769694134679,4.694941989305168,10.611286473653253,22.22873123909338,9.479870980036017,11.247263466653392,6.287862074377808,10.904134936196478,8.953554972409085,10.758735147687753,9.674724060705671,10.49859207272104,3.720645665379901
Bird,10.325726273077244,12.784788671303978,6.74219487600028,17.242617958494375,5.165153199514111,4.417061676729028,4.792222255827487,18.295908714287926,8.852245557369342,11.57182568641444,16.275045035666594,9.606657222010973,11.020904086197419,7.845759428988427,8.015073820219174,10.217979814997609,10.622615611460997,14.863658257283307,11.71169872038399,8.823505533073716,9.418485820393615,8.911792197013094,21.262607628798097,3.780315385432925,10.83588072541925,15.359058271591762,10.924167695308956,9.541094714336277,6.06335005082052,10.467796024237765,4.729146887118533,10.92977346583609,16.727265277873784,5.638236691190548,6.288306513455629,4.367737962596606,15.034005301823903,9.591246354505664,14.77119331521947,4.07709292352582,4.8622968417833485,12.615285128921103,10.501980592296226,10.557422899806168,6.908800231115073,16.54644013009345,7.779905165808745,7.201030830756496,5.842621783959459,13.647708309948724,8.904734790609064,12.188098928405028,12.103489632747303,7.650799451912978,11.6613373963463,8.95832968382423,13.793108559893048,5.911651342318259,9.247826983313793,20.80151218292448,9.95799184342335,11.984651410016099,7.500186795645239,11.861497292272048,10.862117463035679,12.182642907088026,8.766385435221364,12.306422050556373,5.879129076518379
Bookset,14.795387722996587,11.541870292702527,20.405175572792704,15.317662897152028,16.035365397136953,16.67346373349228,18.295908714287926,9.032325565760944,15.904809724644727,14.365989763683576,18.458872465482695,13.518032868578997,16.98834679930998,13.233683687918717,20.058666519472375,12.039278766686108,10.50161548054148,20.22001695918419,15.294361364448568,18.038264966615554,12.928129642091271,15.777073739306061,15.45620141552465,17.23900547614468,21.71942011179095,19.987266418737494,25.40847483280448,22.947675431192764,14.463454002396238,12.858311240369913,18.3956157441911,12.129573198771075,12.755751147637904,18.052865185328272,15.891585083827382,19.192779485641733,28.442607389816338,12.01022984800639,12.42588577550947,18.704735793076587,14.689711813594728,12.87914676536288,12.142240523411253,23.009249956016273,13.58252879534742,13.741375426657871,17.2677639941627,19.793461146521945,14.230412055033984,15.662417962245604,23.048565214248125,14.304859758190334,11.837828038681117,21.368898009048685,24.204860414815727,17.13797984074642,28.39024509469282,16.193597190571012,25.256677311303108,37.659162134906126,22.091646944014208,21.285455236614332,18.895561819689515,15.366423905885794,11.335068882202576,12.599652967293293,21.9302672254631,12.705517321075096,13.698070601469357
Bottle,8.337859207802301,11.491188669267013,9.241311275773723,15.386828065858307,7.995077988598761,8.02959032685717,8.852245557369342,15.904809724644727,5.53209052556939,12.289881581077845,13.777592194645973,7.767239072004373,7.751379506389984,6.4254052683369745,11.51757870329413,11.02154426548399,10.45259047888377,12.962382070618116,12.262956964173812,10.146563443253182,8.729780489685334,9.52239250351205,18.539899441463277,5.617007095910553,12.813951848041654,16.04086620910607,13.398927534719514,11.94652241838383,6.398126509845845,10.738153888133295,8.55272756437702,10.859132763168898,13.250484310536347,7.66155576668945,9.162205185470508,9.104396124846675,16.733638980746644,8.123135425951755,13.14099540724948,8.728724036610263,6.353156745825812,12.293305316813893,9.09005273862604,13.019595552740551,8.721712036950185,14.209366193717365,10.613824562345902,10.822497225162499,6.691274099221547,14.063846104212601,10.914027537510636,12.74334866035308,11.967224985026586,10.381904187867017,14.881572190128143,8.154186005613735,16.53629892966986,7.497047727222304,13.394987082921347,25.444184550761715,12.496869140805236,12.122827454379763,11.047573981398052,9.842844610526155,9.08132254246312,11.063727010193514,10.1659229614966,10.271422666952292,7.84727509773389
BuildingNonResidential,11.97874950448262,10.024201147650562,13.951396200267437,11.629500020886333,9.70002216715196,9.975904418883559,11.571825686414444,14.365989763683576,12.289881581077843,9.645292005857883,17.57933519533179,9.49114064041588,13.865738571090814,8.82955782783877,12.83005241663822,9.215925130158212,8.277236544547486,19.761429911591435,10.286681244983425,11.209780398246151,10.30151233425006,11.5721086061281,15.505982419384527,10.224348222420028,14.538943968413877,12.874846045625766,18.857549445635538,17.047492343577307,10.275867066052012,8.01311848517091,11.182919529797207,9.314226005654637,13.97481656841995,11.98999939737252,10.244871874221325,12.083379305967187,23.68233235168255,8.318069440358764,10.895089910473335,11.574272570675271,9.03992693554352,8.416962174045768,9.104518614835976,16.740427620052547,7.729190278010827,15.041003047761444,10.973718164554985,12.649671117641553,9.08878940947075,10.182313195049996,16.92564267007536,9.357867703998327,8.871247020284851,14.893803740668028,17.636541522275376,13.518787874964,21.76747886646348,10.279294928050792,18.208805148058474,29.149451946270705,16.360433178582394,16.21163741088032,12.07874894050622,13.315599766732316,9.725333444517894,9.593729601334223,16.938298101630384,10.449344119511359,7.763777129305765
Bus,15.750299972441503,16.022484779123737,16.713743620066072,20.184320468734626,14.625155527811724,15.444355424447053,16.275045035666594,18.458872465482695,13.77759219464597,17.57933519533179,16.937027206205485,14.204894879719719,15.11056146783695,13.412899540470486,18.0824339392102,15.409166107239056,15.703594736407835,17.212697759215747,18.032437802089788,16.655056886257295,14.815668122261792,15.721659792214782,21.677770513943656,13.902344663712356,19.482217124558613,22.05667317912484,19.888500593892555,18.554306783308718,13.905430532943667,16.580956168225207,16.068904763946804,16.082178151588874,18.42583023997395,14.841190067777646,16.23884868505743,16.41102476404991,22.870911812402383,14.229089638039076,17.98920849076281,16.017365833388205,13.266799985620638,17.21582775271927,14.7436333009815,19.391087723733058,15.544917170971816,18.015996601980383,17.249137691058458,17.77643675643136,14.16199683135321,19.671175261675575,17.949461799595092,18.398173431797037,16.482708966394508,17.461598742979834,21.10908298569654,14.350255488868608,22.936352304883155,14.782221277140675,20.03121225979602,31.331879513020137,18.819960180619642,18.236103854840813,18.10908212821999,14.411617188607691,13.256563563718904,16.570561116354256,17.011139259355645,16.085241063596335,14.897598050333997
Car,8.570210055584734,8.73054341063443,11.444513511060006,10.945157285250005,6.502818193889006,7.819715533084778,9.606657222010973,13.518032868578997,7.767239072004371,9.491140640415882,14.204894879719719,5.169684651412954,9.032512453439102,5.117300205495102,11.32884578743746,7.978427856978284,7.005983807084829,15.34074885502057,9.16508343820904,8.348508428208573,7.194637493285761,8.131250517732157,16.14009058167734,7.411787033276928,12.660329823213846,12.439456137651938,15.517696785070038,13.897567736023898,6.520683257446752,6.971541156873007,9.18832005048291,8.267663530965583,12.118276214096431,8.86999489736763,8.219947804918045,10.211577205141763,20.43173199452917,5.715749691945813,9.161059691124564,9.55851286934093,5.751804432103266,7.958317333001042,6.095680392962479,13.944435824218642,6.280165036314816,13.047061388611239,9.812447078261348,11.111234759056142,5.770153044444959,9.806843735167226,13.679465697222485,8.791063374932007,7.713156038246399,12.15915837166416,15.514140376418963,10.148186821664229,19.044954578970557,7.583125528972755,15.923501096532766,27.817785534131495,13.332405031835185,12.800947172679768,10.713079954168482,9.61657615591844,6.359776196506913,8.3425833558096,13.35342122986304,7.639138843546482,5.871215326505068
Cellphone,10.127017429207129,12.850414721547116,11.392656049488819,15.96945119133996,9.431057453925972,10.25420394480919,11.020904086197419,16.98834679930998,7.751379506389983,13.865738571090814,15.110561467836947,9.032512453439102,7.948019823257371,8.199986845459383,12.85759236339228,12.613695062721927,11.89172345265284,13.35805355665541,13.619529461688844,11.650964319599575,9.788950665287683,10.121954634300263,19.758159199774266,8.38822491643212,14.638028505332482,16.859486225329455,14.939689733661357,13.337546036283719,8.375053005419609,12.322520032610734,10.7151459233706,12.41971181006369,14.609753848198029,9.564620470459195,11.034346576281841,11.018195945647804,17.656570199140972,9.913767262863622,13.78169914526197,10.684418854178073,8.31752070269757,13.557818373361561,10.286826410644142,14.558718168987326,10.678506344310676,15.146739201158823,12.753079870236498,12.906238524522589,8.689952499356163,15.096237632352443,12.660934817985616,13.943157847809564,13.043999775741547,12.15789088397079,16.10668100284182,10.087489507257887,17.899996303505013,9.534381818921917,14.855273679031756,26.368236237299012,13.857462632692148,13.95261417222136,13.113543912702506,11.214815082382868,10.31199996907583,12.703155148010225,11.679537960146481,11.439973322601919,10.084840635522047
Chess,7.64990090258843,8.238370449371596,9.213043899303305,10.300353603108757,5.35362939110404,6.328729772647929,7.845759428988428,13.233683687918717,6.4254052683369745,8.82955782783877,13.412899540470486,5.117300205495102,8.199986845459383,2.7493881009961814,10.401155161609198,7.507539912198167,5.907221991261311,13.703185506223106,7.717019590829756,7.270933503589772,6.092858673581949,7.031727446853667,15.654620819120181,5.00421643279237,10.97198656909633,11.34859897311325,13.042626689542868,11.454203775390472,4.696702161188638,6.830474594912098,7.542660447469058,7.677254304983233,11.850308547916306,6.438750823677283,6.584148278004511,8.532777199388832,18.276370996490034,5.673482046133302,8.597365033150664,7.823434273543907,4.42556098941389,7.7165604047225855,5.063668493725332,11.789652717532272,5.221170512337414,11.714973626638708,8.531291888280427,9.73694939695655,4.284464408011847,9.16675448312973,11.59407743747407,7.890514774888304,7.1540042116246845,10.047490403255642,13.568230160702932,8.735331400561465,16.77391531675435,6.1827828021312525,13.303859163396965,25.869883277969635,10.687155087299521,11.600094236957885,9.420933910322892,8.670654018500588,6.280359997146671,7.650438965583233,10.87426806326779,7.299690818637476,4.59797233851526
City,12.991661829721899,14.275791786296645,9.768707411477047,17.825365492163193,6.7746611505989005,7.097714507421774,8.015073820219174,20.05866651947237,11.51757870329413,12.830052416638221,18.082433939210198,11.32884578743746,12.85759236339228,10.401155161609198,8.049422458398482,12.027593428874649,12.407102034081698,15.993390077815722,13.139479020860634,10.621752871524071,10.924728968280498,9.580911195434357,22.114713288758626,7.078341738069432,12.606332913116482,15.980596489181927,13.481148446842852,12.039040812005899,9.417847262378174,12.047680600953345,7.315639544571317,12.506923579035977,18.820928552654724,8.53798134543659,8.817126117928433,6.894952122712846,17.302794799411465,11.288040120592283,15.848336956253632,6.647634149323657,6.913132800602242,13.952403635736292,12.21833522939739,12.83395715394097,9.202487093620137,17.747299341843874,9.803385995108798,9.337061563392728,8.697886914860293,14.497043678912982,11.732842582879659,13.756705791736897,13.157082203473133,10.432865410190294,13.401775463474529,11.411646612477023,15.9521386552523,8.253948566150573,11.90783665715134,22.024338232789475,12.377690541151765,14.045730375754513,9.967941023935802,13.658012740318986,12.488542820546918,13.87748115209376,11.635158890232285,14.23627276487282,8.687358734822164
ClassicPiano,11.04691921328306,8.708096677131493,12.605891062108277,11.831962598166065,8.171916759491104,8.373444485053966,10.217979814997609,12.039278766686108,11.02154426548399,9.21592513015821,15.409166107239056,7.978427856978284,12.613695062721927,7.507539912198167,12.027593428874649,6.352071788976132,6.930401332956661,17.62001993445192,9.859222403567056,10.366423736737353,8.632930580438156,10.261259401308546,15.352701147841742,8.954304987669726,13.625077835688684,13.971653311798145,17.590373443933053,15.525817688715106,8.427392056221628,7.325576598134433,9.811239453368092,8.200068308391593,13.304491032470416,10.493817838392296,8.827231077747097,10.68623648263458,22.337204110411836,6.680400408358918,9.979214173157334,10.275427326880722,7.191228946508473,8.121048155265852,7.820800058858051,15.316535355991881,6.795816379434763,13.325745209236171,9.643155381111722,11.41691823478405,7.4867347248240605,10.46591880679959,15.565493303080212,9.208773348446865,7.600974202900626,13.481090184917132,16.528287320412648,11.60146098506639,20.55843384510674,8.701377994817616,16.929304731296096,28.512400606310027,14.960157810368234,14.600401257704684,10.963954595483253,11.171544583203994,7.023605918466098,9.138479368496352,15.423290569489849,9.135109098567666,6.337044927972251
Computer,9.86741387649491,7.109259973939395,13.07643967979427,8.537906122532577,8.125201899534098,8.69424645420857,10.622615611460994,10.50161548054148,10.45259047888377,8.277236544547486,15.703594736407835,7.005983807084829,11.89172345265284,5.907221991261311,12.407102034081694,6.930401332956662,3.8741765439530225,16.67914555967216,7.616321188373688,10.180934468725864,6.512535670302785,8.696413673886873,14.130490689994412,9.188723869497291,13.84748222976852,11.803398454403426,17.82975885049968,15.523129239992068,7.51929566833837,6.24000276082088,10.410006998756211,6.842842538180549,11.407719118800314,10.26795405229053,8.091932853941193,11.402991430183011,22.643108830405264,5.914941993214844,7.086059610278506,10.85970541139393,6.9241035127352415,6.557339734864898,5.369707388444255,15.310276610554459,5.875704614105705,11.082444902804813,9.78009213077859,12.216759479012483,6.684752417770741,8.012289242004,15.946823119804984,6.843294643245876,5.601488826120874,13.874242146124605,16.432363241016265,12.058542953279401,21.102435999456226,8.761418747784534,17.520668094656358,29.891818417476397,14.159143625539699,14.77637684364862,11.319863748111308,11.158612403539248,7.19428476550174,7.143404481257206,15.502828647445146,7.487508122344528,5.713636873087145
ComputerKeyboard,16.18411382956906,17.677957932362723,13.91285885869636,22.522828231992808,12.858920471978978,14.599674503569274,14.863658257283307,20.22001695918419,12.962382070618116,19.761429911591435,17.212697759215743,15.34074885502057,13.358053556655411,13.7031855062231,15.993390077815722,17.62001993445192,16.679145559672165,7.518229999673653,18.182830124615606,17.042443407541125,13.72389858036946,12.024066217522417,25.86821185623067,12.543834910178157,18.67824408228379,24.026596082057768,14.343377165406535,13.412133223759355,12.640189788562209,19.491235476016517,14.706622844168427,17.856455930126337,21.024985976578282,11.541778215095361,15.202075892423032,13.528348028774156,15.36528271812139,16.652669067921252,19.183599187000645,13.415098648737967,11.667870552126088,20.176477898556698,14.909311696778662,15.290223106335096,16.883580510565263,17.818386194787493,17.633467872110757,16.965264988710263,13.802262484197502,21.448139449579664,13.566690879567867,19.79202841895372,17.52719715738151,14.187449311050583,16.89600858336142,12.125864265501395,17.444238429194826,14.102036467323599,14.585505796912479,27.126371512200702,13.153960315267875,16.753955826286354,17.939035796848607,13.805163118967243,14.918621154847045,18.41570671137521,11.059562005410793,17.79168731996476,16.0507669153143
Cup,12.505252339078547,10.36437497516311,14.23749958124643,9.872019706957412,8.364734704556438,9.43903548714394,11.71169872038399,15.29436136444857,12.262956964173812,10.286681244983427,18.032437802089788,9.16508343820904,13.619529461688844,7.717019590829758,13.139479020860634,9.859222403567056,7.616321188373687,18.182830124615606,7.602588859672226,10.128659494982822,9.4538355230307,10.194638700236782,16.80779843934508,9.990848483526786,13.7905702501089,10.421903133010382,17.875730779520634,16.1405586470502,10.097063286906218,8.3447708349887,10.915000202897021,9.883919456002738,15.676008356741175,10.849733960149957,9.280690870677445,12.1465461395363,23.10824051463681,9.579947749023605,9.395235176682078,11.460848904701033,8.297260670912243,8.422082471229222,7.458720982759523,15.794562281559982,6.9896264943822235,14.419230912954927,10.904244017514808,12.662959816828108,8.687315357735322,8.506616972315674,16.56941977369152,7.5682257106096555,7.592494547132647,14.702061800432434,16.684473658061474,13.990852697750798,20.843841750772658,10.368150166938545,17.910460941460496,29.045344103684258,14.075491035938136,15.926044780324794,12.14697897714926,13.29094265138946,10.001616325493433,9.8141294775623,16.189453465873793,10.15285863050522,6.992012005639722
DeskLamp,11.36239964344862,12.220938537260755,10.755376675820198,13.578233711361035,5.449383929089352,7.264823044237344,8.823505533073716,18.03826496661555,10.14656344325318,11.209780398246151,16.6550568862573,8.348508428208573,11.650964319599575,7.270933503589772,10.621752871524071,10.366423736737353,10.180934468725864,17.04244340754112,10.12865949498282,7.052121251702232,10.132442183360377,9.424415406435275,19.17287414993684,6.962300913125474,11.328506553065203,11.274193270129546,13.266402807471689,12.675247950155661,8.63869443755382,8.757525284265181,8.020106078289276,11.054479122439984,15.95488831882406,8.44404520129548,8.390442947106475,8.914046798392087,18.52372818520463,9.658222096992635,12.258563228199117,8.205367613695676,6.630635449324994,9.991394505652778,8.989101916544069,12.336348418189072,6.716157813011185,16.391185255277705,9.894007060901112,9.955683886591583,7.334599367781427,10.960892418387619,12.324835174135838,10.083866743294667,10.313819713143522,11.047251025551633,13.613445128797196,11.80841433142086,16.357724739544285,8.331178574076446,13.324133318474782,23.678079251628887,11.784593271990747,13.575119601925893,10.000990990215785,11.8609248054573,9.686449517441845,10.926661739286843,12.463152009969752,10.817522771006896,6.601491210985208
DeskPhone,9.52542196665237,9.129741351192706,11.235407209717136,11.491994146534866,6.687786319665585,7.620498375387357,9.418485820393615,12.928129642091271,8.729780489685334,10.301512334250061,14.815668122261792,7.194637493285761,9.788950665287683,6.092858673581949,10.924728968280496,8.632930580438156,6.512535670302785,13.72389858036946,9.453835523030701,10.132442183360375,5.513413464473598,7.260868769509961,17.25487416061125,7.399112816414517,13.618551709456296,13.909057286015482,15.419484297977291,13.146407970483164,6.440707799352769,9.124233855058174,9.034111156682641,8.659882335674585,13.689602451284461,8.345463267385432,7.723738907364708,9.4727090289315,19.791770005028315,7.188123776643934,9.073347568291545,8.863131708934556,5.563379597456111,10.055874512529899,6.529965728606831,13.921572565569269,7.756417348775136,11.381748208854917,10.102806262532322,11.420743813964572,6.192848497273561,10.853898870455708,13.53114075541445,9.789266071061673,7.593563192039935,11.986596625043047,15.116330792740781,10.089136470251132,18.851106556591457,7.737604934960817,15.21204224056286,28.15668029533073,12.032262855675162,13.460678250898685,11.237191595742416,10.337475081343143,7.6190307658226635,9.681401225274161,12.588723790484607,8.722407035017874,7.087928832353445
Door,11.06108401450897,11.183861039155,9.997456470544059,13.330520950001347,5.191157058991329,7.460446454405794,8.911792197013096,15.777073739306065,9.52239250351205,11.5721086061281,15.721659792214782,8.131250517732157,10.121954634300263,7.031727446853667,9.580911195434357,10.261259401308546,8.696413673886873,12.024066217522417,10.194638700236782,9.424415406435275,7.26086876950996,5.368473491881198,19.691711468920484,6.955277231597236,12.851807451651528,13.433191071494166,12.897320012249363,11.325955015933168,7.359617865285024,10.573391717049653,8.100415513750141,10.410638334529768,16.567447638212517,7.275744847055891,7.813326731494101,7.958603205558672,16.932172519567303,9.054905859716031,10.941504618744759,7.500670118661655,5.731802707488947,11.741432734064432,7.885964259051934,12.125349314522335,7.898998398030127,13.520038912702814,10.380924738885053,10.707041945569587,6.777784089722405,11.527247355707264,11.652830413144295,10.770660804858641,9.23433405754234,10.65019331144358,12.989349682257856,10.240358759077328,16.183697734680596,7.639500203222467,12.631074731973861,24.942451131463766,10.315179142995497,13.16052524793215,10.944849283823425,10.87540007211891,9.07315647917458,11.443984015555447,10.714914229379678,10.928455415846383,7.537957698750336
Drum,16.924613611538337,14.42237590099633,23.147644505191007,15.412314869040749,19.534854723546964,19.89754166900208,21.262607628798097,15.45620141552465,18.539899441463277,15.505982419384527,21.677770513943653,16.14009058167734,19.75815919977427,15.654620819120181,22.114713288758626,15.352701147841742,14.13049068999441,25.86821185623067,16.80779843934508,19.172874149936835,17.254874160611255,19.69171146892048,14.213659621429331,19.613082711773522,22.071233357282782,18.4057354368273,27.761517652045324,26.124593624700367,18.497542624267833,13.547015344814337,21.089076827272773,14.843723574632335,14.642382063739413,21.18460028275974,19.540285293230102,22.561041114324002,31.74092844737282,14.34654157535052,15.127080227172529,21.754431907651927,18.459838176823958,12.837337539208294,15.277341878751036,25.49675278606802,15.52340680251516,18.14161102022861,19.63357711891613,21.9691895672213,17.610928731136735,15.93539252657813,26.005006055252544,15.032570295019655,14.976799516475621,23.945132819710814,26.669688915999377,20.30909376195644,30.50811589858525,18.877371372176363,27.570502936692183,37.64236817539304,25.616929044096587,23.704016631522595,21.343412699166148,18.914703469692377,14.994477771182599,13.875812670557641,25.355099736702602,14.775921804216004,15.960712953733198
Fish,7.922245338275466,11.254244152464883,4.160892564658349,15.472140374717451,3.472792837123586,3.0590367712105677,3.780315385432925,17.23900547614468,5.617007095910553,10.224348222420028,13.902344663712356,7.411787033276927,8.38822491643212,5.00421643279237,7.078341738069433,8.954304987669726,9.188723869497291,12.543834910178154,9.990848483526786,6.962300913125474,7.399112816414517,6.955277231597237,19.613082711773522,-0.3657051590701117,9.120822871656499,13.760157741754261,8.921279724026828,7.543774034212392,3.8247726402471005,9.25739915984636,3.2445731754377225,9.589696468731216,15.38643304792737,2.7885665233340564,4.928640518251074,3.327307746504055,13.709656688170886,7.696887753042056,13.126306959829613,2.8518246499719093,2.362830400353337,11.248462683400389,8.42683012979397,8.833709685606124,5.553932469373885,14.573793889648863,6.717292695756444,6.2462952903234426,3.6165442744583416,12.255833731900001,6.813251931655775,10.861279244835812,10.58797769479507,5.89993376587538,10.381853190878353,6.034641992782176,12.335117441629103,3.784601687389096,7.827974240679259,20.371743910036674,7.630873703681698,9.536977277894982,6.749179338550027,9.361480752655359,8.697879001735673,10.573107620892346,6.551744240072525,10.606125954534988,4.462993815428706
FloorLamp,14.133512041220783,15.72857263915249,12.134504137973924,18.073489894247093,9.798030229542448,9.86957135798126,10.835880725419251,21.719420111790946,12.813951848041656,14.538943968413877,19.482217124558613,12.660329823213846,14.638028505332482,10.97198656909633,12.606332913116482,13.625077835688684,13.84748222976852,18.67824408228379,13.7905702501089,11.328506553065203,13.618551709456296,12.851807451651528,22.071233357282782,9.120822871656499,12.288630467684495,16.057433316506753,13.78625954778111,13.257216405410848,11.186983695346884,12.63504851425058,10.124227285812006,14.467140233004372,19.129177333582223,10.559333453889346,11.38359995737077,10.562432338715688,17.683310269891066,12.963267683916044,16.667960265602968,10.208436802624343,9.817166377736529,14.108606622006066,13.256372645913544,13.244225212823832,10.297241876384135,19.667218629154373,12.180620143258457,11.73641172763084,10.505069420148615,15.202713020694828,13.094305097040692,14.014719082166541,14.629550354315143,12.064000065558387,14.503040883018135,13.46376730976468,16.12326556086279,10.694225877806792,13.137661424651608,21.559319040399288,13.305847404192196,15.482977007250597,12.384670771819078,15.111295098499113,13.930438096073631,14.639999855053246,13.090464013429175,14.664374430754853,9.649422673984539
Glasses,16.402669984895528,14.144399318102785,17.933084428673187,9.39142493756598,10.695920936753037,13.004847901010987,15.35905827159176,19.987266418737494,16.04086620910607,12.874846045625764,22.05667317912484,12.43945613765194,16.85948622532945,11.348598973113248,15.980596489181927,13.971653311798145,11.803398454403426,24.02659608205777,10.421903133010378,11.27419327012955,13.90905728601548,13.433191071494166,18.4057354368273,13.760157741754261,16.057433316506753,5.307088950322208,20.80856188125439,20.003637166158164,15.10842857600215,10.973718876594067,13.92121954952538,13.545855736347681,19.786204827765363,14.866072432824657,12.890969367176954,15.646535636099664,26.48631471979001,13.64524987697079,11.575207929266883,14.880431538266283,12.880991491790976,10.947720072274233,10.96036168376675,18.881928628960914,9.73598503472157,18.181258149932056,14.485192022117603,15.372588370458333,12.751550403637726,9.034453956792584,19.731805098291588,9.47829680205748,10.443375558681819,18.218316869849954,19.287458025365453,18.5332927231352,23.45523072044527,14.437965066908188,21.152543763846605,30.574827609621856,17.737311493831815,19.726593972026354,15.053190797660912,17.22332768125074,14.10089448024035,13.33113951429652,20.339620535616646,13.60859219993132,10.668902162936247
Guitar,16.04257816262111,19.209401144000342,9.467423138950233,22.693232468258618,11.054929057825426,11.90363802497529,10.924167695308954,25.40847483280448,13.398927534719514,18.85754944563554,19.888500593892555,15.517696785070038,14.939689733661357,13.042626689542868,13.481148446842852,17.590373443933053,17.82975885049968,14.343377165406531,17.875730779520634,13.266402807471689,15.419484297977291,12.897320012249363,27.761517652045324,8.921279724026828,13.78625954778111,20.80856188125439,6.689288289335792,8.19859224664693,11.173600946419784,18.43436560872084,10.852812410998476,18.281083078490106,23.600620776662836,8.566705497394944,13.70042808949538,9.431414947772753,9.971424579957295,16.638437548671224,20.556202293944498,9.80009942177579,10.854811379487792,19.686650375343692,16.27528173768859,9.142135050010598,15.130954018317441,21.667937272751914,15.37998123752396,12.60441751938594,12.233825658147113,20.433597069927053,7.647992949390466,19.242260706447812,18.8943353236955,8.64229803229077,11.161407428704386,11.8754284852484,9.935233680745467,12.134238182897874,7.094003644205507,16.707777454630833,9.256397884863496,14.789287004770358,14.377213062876097,15.232937615989071,16.783930686000694,18.944139348534268,7.049680441460352,18.921384341080227,14.4612989146965
Gun,14.428501405411781,17.229220796672518,8.431402343076575,21.19040324735669,9.571719696042761,9.999368785990844,9.541094714336277,22.947675431192764,11.94652241838383,17.047492343577307,18.554306783308718,13.897567736023898,13.337546036283717,11.454203775390473,12.039040812005899,15.525817688715106,15.52312923999207,13.412133223759355,16.1405586470502,12.675247950155661,13.146407970483164,11.325955015933168,26.124593624700367,7.543774034212392,13.257216405410851,20.00363716615816,8.19859224664693,7.800489301081373,9.464394330554974,16.694125242449722,9.385216080602047,16.2103751344713,21.76124594774362,7.348503130047227,11.651574670956405,7.97367327010769,10.823899115678628,14.784297518955288,18.762261611690185,8.317987683739645,8.776656393951763,18.051717794486795,14.421902338128293,9.643986137537777,13.250814046349188,19.510544992406256,13.4360631996976,11.46287836407836,10.401999849796635,18.842908958110073,7.652996455155347,17.459746157232285,16.85570149325493,8.220817371799276,11.112946043646732,10.512537058814143,10.97101883622814,10.35872465382116,7.439697725323738,17.761920167345604,8.812143468387086,13.733891294736388,12.818958966141455,14.029851063779812,14.947842853782687,17.15455013223845,7.035757703126291,17.18636150887305,12.46003557164428
Hand,7.547412819217761,9.791543106786163,7.218081245694256,14.178551815153822,5.519793507608897,5.135774457666395,6.06335005082052,14.463454002396237,6.398126509845845,10.275867066052012,13.905430532943667,6.520683257446752,8.375053005419609,4.696702161188638,9.417847262378174,8.427392056221628,7.51929566833837,12.64018978856221,10.097063286906216,8.638694437553818,6.440707799352769,7.359617865285027,18.497542624267833,3.824772640247101,11.186983695346886,15.108428576002154,11.173600946419786,9.464394330554974,3.3245609982444,8.741086816877951,6.081263514747372,8.733075451231011,13.090165020887618,5.2956067736826595,6.064377791926626,6.175161592585603,15.410824333098711,6.539800692131694,11.389921934090454,5.847883346327682,3.825135890073995,10.427258084456296,7.185602186853754,10.52557625129059,6.329316630526906,13.153686130164846,8.219508149778932,8.515488969193319,3.9791573193583836,12.148433470992957,9.21382802384507,10.510160605598799,9.544283405690184,8.062122541927964,12.344686189964497,7.465163098315918,14.671134935604288,5.361025978597707,10.649827589821383,23.55079605313246,9.556411932062025,10.877806574899763,8.482445798852263,9.442674959274923,7.778844660314849,9.598032740568934,8.506132617769845,9.07221989841077,5.2205608282543
Hat,9.386087808329714,8.372372722485327,13.383892669642538,9.79613872472507,7.697217797425823,8.524129235628358,10.467796024237765,12.858311240369913,10.738153888133295,8.01311848517091,16.58095616822521,6.971541156873009,12.322520032610734,6.830474594912098,12.047680600953344,7.325576598134433,6.24000276082088,19.49123547601652,8.3447708349887,8.75752528426518,9.124233855058176,10.573391717049653,13.547015344814337,9.257399159846361,12.63504851425058,10.973718876594067,18.43436560872084,16.694125242449722,8.741086816877951,3.434885986032761,10.244069359939918,7.621434555896568,10.02331581618916,11.23671248494128,8.981410658840193,11.575263331387701,23.488777596158958,6.1624072270937615,8.758279000066867,10.716998639462732,7.602594346804316,4.655603845245115,7.1311713836125845,15.82019752541811,5.140481226105062,14.578984594242632,9.525281642188757,11.54814562308457,7.411271686694641,7.880327104497025,16.616625387075192,6.359598353993128,7.3833923001325905,14.194592800669657,17.051929399946875,13.106241918906958,21.42750670554956,8.79419835419957,18.003686881942013,28.728264489507207,15.99845657223153,14.971253572612813,10.53266908448927,12.286896425090344,7.97291830253629,6.582073748863979,16.574258119757584,7.085058802070486,5.244440812213777
Helicopter,10.415477702181143,12.606097156628408,6.500328228416318,16.661171225189722,3.9677476425482694,3.501325690367129,4.729146887118534,18.3956157441911,8.55272756437702,11.182919529797207,16.068904763946808,9.18832005048291,10.7151459233706,7.542660447469058,7.315639544571317,9.811239453368092,10.410006998756211,14.706622844168427,10.915000202897023,8.020106078289276,9.034111156682643,8.10041551375014,21.089076827272773,3.2445731754377225,10.124227285812006,13.92121954952538,10.852812410998476,9.385216080602047,6.081263514747371,10.244069359939918,3.5134607403495988,10.762224963275548,17.287839880838824,5.122433107785173,5.540654207291565,3.793193476839726,15.073328605517329,9.313992559737574,14.294204642258784,3.5491079378336305,4.288596030685258,12.428696427595542,9.957596653606618,10.219597967615139,5.991937584009339,16.147794724602868,7.087789659510746,6.40295687300225,5.4800510540991345,12.772271440757883,8.637058738388824,11.533718793514549,11.386167269532969,7.586273191248136,11.204714319530307,8.545527729520368,13.445535536405677,5.350520053422536,9.36925108245631,20.522143156861883,9.386402211500407,11.602429082676242,6.87003957045989,11.526342784687822,10.365721790087145,12.21958974100128,8.771296820617094,12.342444162052079,5.124483143925894
House,10.593210091670022,8.688135854493046,13.278971713984172,11.189794286326572,9.237769762659134,9.383384938754848,10.92977346583609,12.129573198771071,10.859132763168898,9.314226005654639,16.082178151588874,8.267663530965583,12.41971181006369,7.677254304983233,12.506923579035975,8.200068308391593,6.842842538180549,17.856455930126337,9.883919456002737,11.054479122439984,8.659882335674585,10.410638334529771,14.843723574632335,9.589696468731216,14.467140233004368,13.545855736347681,18.281083078490106,16.210375134471295,8.733075451231011,7.621434555896568,10.762224963275546,8.00395472760813,12.254530593888635,11.205086996238222,9.43139433870937,11.56683508384296,22.824973573917077,6.986326423561631,9.735888370753914,11.083543215050213,8.045339505189725,8.200972977863117,7.794581006619737,16.165166578987414,7.222293671467391,13.16533693642383,10.411340035077638,12.344155194456922,7.976163157698049,10.161614056673878,16.159196268627117,9.145724536152962,7.96471373571968,14.177085591589627,17.244169215336264,12.176427636442998,21.393543227069824,9.421958340466741,17.74549897124988,29.432421732152882,15.64838054770915,15.284100171192806,11.669849711816232,11.874586717981494,8.29186272611225,8.67151401179822,15.864432380978,9.207721083576693,7.080298584554466
HumanHead,11.239778530420594,12.37867376275097,18.47607904383768,16.278445565541563,15.746689368546251,15.948086569341745,16.727265277873784,12.755751147637906,13.250484310536347,13.97481656841995,18.42583023997395,12.118276214096431,14.60975384819803,11.850308547916306,18.820928552654724,13.304491032470416,11.407719118800314,21.02498597657828,15.676008356741175,15.95488831882406,13.689602451284463,16.567447638212517,14.642382063739412,15.38643304792737,19.12917733358222,19.786204827765367,23.600620776662836,21.761245947743628,13.09016502088762,10.02331581618916,17.287839880838824,12.254530593888637,7.5202512975290885,17.116875712678272,15.922969433119059,18.390793932709812,26.536970200213567,10.729092621846986,13.80543466817963,17.599122933203603,14.446000468433194,10.652781828019735,12.636536497625377,21.639187926596488,12.298363773706484,15.894495307463709,16.360033145218,18.463529058948062,13.242712937108305,15.987168934957918,21.378073573507542,14.016407852740645,14.354877515244109,19.466095662004218,23.400901792177294,16.481202723362557,26.527161322735164,14.538206427965054,23.262200503693716,34.48177014108773,22.25404873700656,19.908415745367243,17.27229966456074,15.558674642579986,12.455995147544385,10.44673203125455,20.132501346114125,10.798758070555735,12.326727442198488
Humanoid,9.875284836860406,12.381970578689453,5.384485020530325,16.035732786654233,4.590532283763503,5.11366144971333,5.638236691190548,18.052865185328272,7.66155576668945,11.98999939737252,14.841190067777646,8.86999489736763,9.564620470459195,6.438750823677283,8.53798134543659,10.493817838392296,10.267954052290532,11.541778215095361,10.849733960149957,8.44404520129548,8.345463267385432,7.275744847055891,21.184600282759735,2.788566523334056,10.559333453889344,14.866072432824653,8.566705497394944,7.348503130047227,5.2956067736826595,11.23671248494128,5.122433107785174,11.205086996238224,17.116875712678272,3.471922223071694,6.614065236390852,4.5787404261107,12.796500996047401,9.749036402957865,13.702557934996454,4.3845321533342,3.984156875421841,12.681077549039,9.222265534354166,8.913577047696732,7.618743544771821,15.128431336308301,8.78485106527101,7.937903632308223,5.442557594491157,13.423996543363142,6.9363457500849615,11.962243035618926,11.38454771479675,6.5716297452795605,10.43296904391885,7.252149305264903,11.991332083088157,5.753026935368293,7.682185261775256,20.509960207829824,7.171061217754015,10.661326009296225,8.603785700646847,10.30210602640576,9.902549156280037,12.041607737253686,6.146236198438517,12.000679030956626,6.662984138407319
Insect,10.26062568954204,10.977626686930405,8.97497983489169,14.203947635281379,4.556426749868578,4.390575136384185,6.288306513455629,15.891585083827382,9.162205185470508,10.244871874221323,16.23884868505743,8.219947804918045,11.034346576281841,6.584148278004513,8.817126117928433,8.827231077747097,8.091932853941191,15.202075892423032,9.280690870677445,8.390442947106475,7.723738907364708,7.8133267314941,19.540285293230102,4.928640518251074,11.38359995737077,12.890969367176954,13.70042808949538,11.651574670956403,6.064377791926626,8.981410658840193,5.540654207291565,9.43139433870937,15.922969433119055,6.614065236390851,5.282649128503126,5.988074063022564,18.15323197060384,8.46849425551988,11.879933796418058,5.535660475460785,4.539479233927705,10.797527917813644,8.064708570799011,12.17295774512366,5.35123823747795,14.45722330963723,7.507717923154428,8.050287204686661,5.195884536206119,10.969668265277823,11.5899713785704,9.727680398360382,9.080584805428709,9.910650808306524,12.966587335232957,10.110200642977363,16.511885797395138,6.15097958613111,12.54846744697704,24.401662402166654,10.618955817669285,12.747040180794668,7.808530197679267,11.578537559099589,9.275823513956167,10.68003336795585,11.444759263604503,10.644270284930874,4.503423636835607
Jet,11.009416078772874,13.50527287210266,5.534360589248653,18.160670920481998,4.229074858805648,3.8251653789652824,4.367737962596606,19.192779485641733,9.104396124846675,12.083379305967187,16.41102476404991,10.211577205141761,11.018195945647804,8.532777199388832,6.894952122712845,10.68623648263458,11.402991430183011,13.528348028774156,12.1465461395363,8.91404679839209,9.4727090289315,7.958603205558672,22.561041114324002,3.327307746504055,10.562432338715688,15.646535636099664,9.431414947772755,7.97367327010769,6.175161592585604,11.575263331387703,3.793193476839726,11.566835083842964,18.390793932709816,4.578740426110701,5.988074063022564,2.5496151373919855,13.127047584881108,10.454745518815812,15.499758287079917,2.6241203588041317,4.301282244279676,13.70142979656342,11.162985714935415,9.392630937015031,7.311301938296392,16.940009480244605,7.6924180749280495,6.439206613239796,5.947858478908287,14.198304485287391,7.3811574381039255,12.841765114724874,12.676032605228615,6.699561778282708,10.222529849182338,8.360318912314542,12.178513968615555,5.535811797539883,7.55015322413986,19.157880113858365,8.485615605898413,11.54618536215279,7.1520200202606015,11.913872385978006,11.357139920625999,13.202051857926845,7.287185690039049,13.52634807115028,6.381092850609019
Knife,19.801494287173572,23.589814550013262,12.950241982792809,28.011244059949924,16.16863977529609,16.411232113460812,15.034005301823903,28.442607389816338,16.73363898074664,23.682332351682547,22.87091181240238,20.431731994529173,17.656570199140972,18.276370996490034,17.302794799411462,22.337204110411836,22.643108830405268,15.36528271812139,23.10824051463681,18.523728185204625,19.791770005028315,16.9321725195673,31.74092844737282,13.709656688170885,17.683310269891066,26.48631471979001,9.971424579957295,10.82389911567863,15.410824333098711,23.48877759615896,15.073328605517329,22.824973573917077,26.536970200213567,12.7965009960474,18.15323197060384,13.127047584881108,9.172616153423947,21.23149240524518,25.47672048827723,13.928551622839988,15.785127268727228,24.980364690480993,21.32434294620921,12.358616444418525,19.9813616082375,24.958831640392923,19.688144291432646,16.61031346373373,17.077584447343845,25.827208291285867,9.939664487374417,24.410811050589498,24.052465100144282,11.66284821237429,13.60345439836554,15.025258744830202,11.54060564283735,16.386202119255632,9.121017371364276,16.8395449639226,12.721599727956038,18.21912302288397,18.41854778252277,18.885505791714046,21.532179666727597,23.62907475278005,9.383913816891418,23.525757501388075,19.339409092801045
MilitaryVehicle,8.345321743002975,7.463090642784175,11.461812097800362,10.675259010123591,8.386247566006078,8.148076357141104,9.591246354505664,12.01022984800639,8.123135425951755,8.318069440358764,14.229089638039076,5.715749691945814,9.91376726286362,5.673482046133301,11.288040120592283,6.680400408358918,5.914941993214844,16.652669067921252,9.579947749023605,9.658222096992635,7.188123776643934,9.054905859716031,14.346541575350516,7.696887753042056,12.963267683916046,13.64524987697079,16.638437548671227,14.784297518955288,6.539800692131694,6.1624072270937615,9.313992559737576,6.986326423561631,10.729092621846988,9.749036402957865,8.46849425551988,10.454745518815812,21.23149240524518,3.3260405110226556,9.11454766852371,10.114350941149494,6.569026810265191,7.201931457343695,6.441601227483758,14.63637887100115,5.934487343926958,12.477038011947245,9.10116585222166,10.996036243179828,6.011121795110602,9.921224427707932,14.171416497753993,8.85115078055047,7.314866079953358,12.378781099794628,16.17708937522998,9.711095073691341,19.812125275706787,7.39659913550292,16.353962937970362,28.13966079960496,14.883499477063411,13.089461249138358,10.395308979233441,9.83562638209002,6.288730903410827,7.551688129156093,14.274715699456099,7.613057370903832,5.605809244076008
Monitor,12.496932122582603,9.60330013462918,16.994930579082137,8.502442934209544,10.816440095505712,12.595923938557817,14.771193315219472,12.42588577550947,13.140995407249482,10.895089910473331,17.98920849076281,9.161059691124564,13.78169914526197,8.597365033150664,15.848336956253636,9.979214173157336,7.0860596102785065,19.183599187000645,9.395235176682078,12.258563228199117,9.073347568291547,10.941504618744759,15.12708022717253,13.126306959829613,16.667960265602964,11.575207929266883,20.556202293944498,18.762261611690185,11.389921934090454,8.758279000066867,14.294204642258784,9.735888370753914,13.805434668179629,13.702557934996454,11.879933796418058,15.499758287079919,25.47672048827723,9.11454766852371,7.0730703161132125,14.827168120844645,10.392695797759496,8.37084190180793,7.4228030663168,18.340648477303706,9.529898589337826,12.703259836015738,13.67775763280364,15.91726505478824,10.304112904571937,9.07382212838176,19.25098025738327,8.303888711770428,7.223907886746835,17.40286861663017,19.3042240000102,15.348567604701516,23.873040223373824,12.53719001595278,21.152784764106823,32.828941750719565,16.974047607388233,17.858330231283418,15.306507843501736,13.308855215177049,9.221384400036527,9.75849816071609,18.595378782465684,9.045388260757035,9.740312720664763
Monoplane,10.373378972899127,13.035972670899723,5.748233302536133,17.488214542308377,3.4832231764021935,3.27112830666642,4.07709292352582,18.704735793076587,8.728724036610265,11.574272570675271,16.017365833388205,9.55851286934093,10.68441885417807,7.823434273543908,6.6476341493236575,10.275427326880722,10.859705411393929,13.415098648737967,11.460848904701034,8.205367613695676,8.863131708934556,7.500670118661655,21.754431907651927,2.851824649971909,10.208436802624343,14.880431538266285,9.800099421775789,8.317987683739647,5.847883346327682,10.716998639462732,3.549107937833631,11.083543215050213,17.599122933203603,4.3845321533342,5.535660475460786,2.6241203588041317,13.928551622839988,10.114350941149494,14.82716812084464,1.9392809284001624,3.8034548680275444,12.874795206446198,10.475534901220826,9.626955562688634,6.761168459494049,16.397867464233226,7.453135770853744,6.46489575759277,5.353884893254749,13.495455114490857,7.971102966054495,12.090739270156632,12.013969138339087,6.927121891536662,10.543288344147287,8.347878488530322,12.826776922423669,5.146591719007064,8.036436317954472,19.84722026798312,8.435166189374167,11.342843857999059,7.073151188922085,11.610735080920055,10.736463929326053,12.558034318798347,7.641011810701408,12.577812201472799,5.767888933212856
Motorcycle,8.149789835175023,9.294793508346718,6.369206844678522,13.093215662724319,2.4936420107048725,3.1239458080850966,4.8622968417833485,14.689711813594728,6.353156745825813,9.03992693554352,13.266799985620638,5.751804432103267,8.31752070269757,4.42556098941389,6.913132800602242,7.191228946508473,6.924103512735242,11.667870552126086,8.297260670912243,6.630635449324994,5.5633795974561115,5.731802707488947,18.459838176823958,2.362830400353337,9.817166377736529,12.880991491790978,10.85481137948779,8.776656393951763,3.825135890073995,7.602594346804316,4.288596030685257,8.045339505189725,14.446000468433194,3.984156875421841,4.539479233927705,4.301282244279675,15.785127268727225,6.569026810265191,10.392695797759496,3.803454868027544,0.9340070864383511,9.204424477049075,6.237628323501023,9.87727865682629,4.974824929260404,12.742458709700356,6.50378319641261,6.831098197968329,3.3581258139969767,10.240992629805426,8.872784671419424,8.927588568513102,7.887040458179941,7.5586346832968125,11.25686339234889,6.766513163627494,14.290904148046273,4.1646062516819695,10.256733594168209,22.953245614483304,8.130862014232235,9.809125766567618,7.08958879686571,8.517652980311283,6.533383347342619,8.959133635191252,8.425933865978347,8.742065784220806,4.100405022508956
Mug,10.699355556171586,8.429454760156833,15.10630462365981,8.802955438374548,9.579718348084869,10.82171756058455,12.615285128921103,12.87914676536288,12.293305316813893,8.416962174045766,17.215827752719274,7.95831733300104,13.557818373361561,7.7165604047225855,13.952403635736289,8.121048155265852,6.557339734864897,20.17647789855671,8.422082471229222,9.991394505652778,10.055874512529899,11.741432734064432,12.837337539208294,11.248462683400389,14.108606622006066,10.947720072274233,19.686650375343692,18.051717794486798,10.427258084456296,4.655603845245115,12.428696427595542,8.200972977863117,10.652781828019735,12.681077549039,10.797527917813644,13.701429796563419,24.980364690480993,7.201931457343695,8.37084190180793,12.874795206446198,9.204424477049077,4.083994353497113,7.401558765783535,17.16655238891655,6.598634413348635,14.695195287659109,11.294885063084434,13.557789362333157,9.000983625095465,7.768862769619186,18.216681641832466,6.370942539238034,7.318367457186862,15.95236110715566,18.349134075148356,14.362802468722471,22.804840766930813,10.693981203353747,19.6616299390454,30.319373088087566,17.00367803290139,16.318641783006406,12.557236289557695,12.98362222613998,8.41886307921201,6.733010387127774,18.065164502869077,7.696224659701773,7.025211804099222
MultiSeat,9.582569522710475,7.81187950759537,12.610985779403475,8.792690698881161,6.949251406368157,8.378330328080802,10.501980592296228,12.142240523411251,9.09005273862604,9.104518614835978,14.743633300981498,6.095680392962479,10.286826410644142,5.063668493725332,12.21833522939739,7.820800058858051,5.369707388444256,14.909311696778662,7.458720982759523,8.989101916544069,6.529965728606831,7.885964259051934,15.277341878751036,8.42683012979397,13.256372645913546,10.96036168376675,16.27528173768859,14.421902338128293,7.185602186853754,7.1311713836125845,9.957596653606618,7.794581006619737,12.636536497625377,9.222265534354165,8.064708570799011,11.162985714935415,21.32434294620921,6.441601227483758,7.4228030663168,10.475534901220826,6.237628323501024,7.401558765783535,4.693131622786406,14.397260774657457,6.193822982160003,11.410368562478268,10.017639936604624,11.885635523581412,6.4212340052088415,8.291905136644177,14.690789935194195,7.294201057551263,6.036356632899178,13.13604784757241,15.762069677255502,11.019780950267052,19.762062912415942,8.543414063766232,16.807324569837867,29.14551622337687,12.814952028601583,13.764626193946704,11.322026524650433,10.054020550054858,6.674664844273411,7.89473078518616,14.073054597024743,7.5971836119907215,6.0220211171930655
Musical_Instrument,15.126743987565744,17.160582928940446,10.162673201760677,20.341544232683425,10.081428324818141,10.721866256547258,10.557422899806165,23.009249956016266,13.019595552740551,16.740427620052547,19.391087723733058,13.944435824218639,14.558718168987326,11.789652717532272,12.833957153940968,15.316535355991881,15.310276610554459,15.290223106335096,15.794562281559982,12.336348418189072,13.921572565569269,12.125349314522335,25.496752786068015,8.833709685606124,13.244225212823832,18.881928628960914,9.142135050010598,9.64398613753778,10.52557625129059,15.820197525418113,10.219597967615139,16.165166578987414,21.639187926596488,8.913577047696732,12.172957745123657,9.39263093701503,12.358616444418525,14.63637887100115,18.340648477303706,9.626955562688634,9.877278656826288,17.16655238891655,14.397260774657456,9.907397776602567,12.724401846139664,20.105368474099052,13.707468832403043,11.936295071452538,11.027200930536532,17.92214315459761,9.333137357982139,16.734206122579288,16.38142938298075,9.611850917956751,11.870381539300837,12.14607776582281,11.832264723368972,11.154214127910896,9.013452872791213,18.51712586321891,10.262241331458872,14.703735699791842,13.20241509371199,14.687088627190134,15.045454727800486,16.863542508913113,8.889214929874694,16.934845837274707,12.075593313894638
NonWheelChair,9.068633227078452,8.509646017736939,9.894041226723063,10.757725254235195,4.663172853472177,4.744735752297653,6.908800231115073,13.58252879534742,8.721712036950185,7.729190278010827,15.544917170971814,6.280165036314816,10.678506344310676,5.221170512337413,9.202487093620135,6.795816379434763,5.875704614105705,16.88358051056526,6.9896264943822235,6.716157813011186,7.756417348775134,7.898998398030127,15.52340680251516,5.553932469373884,10.297241876384136,9.73598503472157,15.130954018317441,13.25081404634919,6.329316630526906,5.140481226105062,5.991937584009338,7.2222936714673915,12.29836377370648,7.618743544771821,5.35123823747795,7.311301938296391,19.9813616082375,5.934487343926958,9.529898589337826,6.761168459494049,4.974824929260404,6.598634413348635,6.193822982160003,12.724401846139662,2.2272488745359995,13.792954908307195,6.565179205833199,8.047653990622305,4.842815708100971,7.533770346970071,12.898791289760345,6.3435324416961025,6.841510796888088,10.793935790587613,13.697370645561827,10.532888443393698,17.815039284613043,5.964607691075401,14.257195052922487,25.281103872007485,12.328270115099022,12.645901095332244,7.27662132603252,10.87091873607875,7.551032284841089,7.476386616791936,13.14458796107267,8.308216678180953,2.0961679392099293
PianoBoard,14.811420304426212,12.78503360934621,17.944074272527605,14.751489113622041,14.083089543045086,14.941076157375383,16.54644013009345,13.74137542665787,14.209366193717363,15.041003047761444,18.015996601980383,13.047061388611237,15.146739201158823,11.714973626638708,17.747299341843874,13.325745209236171,11.082444902804813,17.81838619478749,14.419230912954927,16.391185255277705,11.381748208854916,13.520038912702814,18.14161102022861,14.57379388964886,19.667218629154373,18.181258149932056,21.667937272751914,19.510544992406256,13.153686130164846,14.578984594242632,16.147794724602868,13.16533693642383,15.894495307463707,15.128431336308301,14.45722330963723,16.940009480244605,24.95883164039292,12.477038011947245,12.703259836015738,16.39786746423323,12.742458709700356,14.695195287659114,11.41036856247827,20.105368474099052,13.792954908307195,12.762506368137709,16.38288983441284,18.113520095795348,13.006333875159115,15.565570965561287,19.822177381157505,14.73910774189202,11.953079950179426,18.49108725971967,21.220214740192024,15.332897583890226,24.69424022328288,14.574103955485056,21.61971927503431,33.75913561904029,18.38949895653057,19.245914319272394,17.931948603869127,14.449372009972734,12.066252417400467,13.98638309352956,18.64006650963866,13.49128694104232,13.559458522194946
PlantIndoors,11.773387238682966,11.997769915891947,10.425231467332761,15.543698759854047,7.031694152403726,6.183351457931916,7.779905165808743,17.267763994162696,10.613824562345904,10.973718164554983,17.249137691058458,9.812447078261348,12.753079870236498,8.531291888280427,9.803385995108796,9.643155381111722,9.78009213077859,17.63346787211076,10.904244017514808,9.894007060901112,10.102806262532324,10.380924738885053,19.633577118916133,6.717292695756444,12.180620143258457,14.485192022117603,15.37998123752396,13.4360631996976,8.21950814977893,9.525281642188757,7.087789659510746,10.411340035077636,16.360033145218,8.784851065271011,7.507717923154428,7.6924180749280495,19.688144291432646,9.101165852221662,13.67775763280364,7.453135770853744,6.503783196412608,11.294885063084434,10.017639936604624,13.707468832403043,6.565179205833199,16.38288983441284,8.017879936508503,8.872508563437695,7.36544766207253,12.300654909718473,13.058358630160992,11.07711660405921,10.774448650612124,11.21984526683997,14.580654324549627,11.244079792425723,17.79351911422573,7.644330602239858,13.927948159949658,24.712217249375357,13.377689301595614,13.974366811330837,8.766209096484829,12.855257216409075,10.5832870676587,11.554039629335842,13.193265131895927,11.930765435714543,5.774910963455043
PlantWildNonTree,12.47406751653917,14.081291710089262,9.097323895522033,17.930346794782903,6.608239775937807,6.173315567794683,7.201030830756496,19.79346114652195,10.822497225162499,12.649671117641553,17.776436756431362,11.111234759056142,12.906238524522589,9.73694939695655,9.337061563392728,11.41691823478405,12.216759479012483,16.965264988710263,12.662959816828108,9.955683886591583,11.420743813964572,10.707041945569586,21.9691895672213,6.2462952903234426,11.73641172763084,15.372588370458336,12.60441751938594,11.46287836407836,8.515488969193319,11.54814562308457,6.40295687300225,12.344155194456922,18.463529058948065,7.937903632308223,8.050287204686661,6.439206613239796,16.610313463733732,10.996036243179828,15.917265054788244,6.46489575759277,6.831098197968329,13.557789362333157,11.885635523581412,11.93629507145254,8.047653990622305,18.113520095795348,8.872508563437695,7.942895620962144,8.015351730005078,14.277373112715363,10.75453933922482,13.106643307181827,13.092517221985677,9.707114131447193,12.974107409194591,10.876259229856,14.899196735698823,7.815970792624255,11.33573554455499,21.289302890036865,11.862421671004538,13.554805563146065,8.680123477755386,13.347406444312933,12.1580126613921,13.562928119954911,11.01359165036151,13.865815577179772,7.267030503363285
Quadruped,7.757563318716689,9.200541551686143,7.695791636056293,12.719938615746129,4.326465734471394,4.275831124877467,5.842621783959459,14.230412055033984,6.6912740992215465,9.08878940947075,14.161996831353209,5.770153044444959,8.689952499356163,4.284464408011846,8.697886914860293,7.486734724824061,6.684752417770741,13.802262484197502,8.687315357735322,7.334599367781427,6.192848497273562,6.777784089722405,17.610928731136735,3.6165442744583416,10.505069420148615,12.751550403637724,12.233825658147113,10.401999849796635,3.979157319358383,7.411271686694643,5.480051054099135,7.976163157698049,13.242712937108305,5.442557594491157,5.195884536206119,5.947858478908287,17.077584447343845,6.0111217951106015,10.304112904571937,5.353884893254748,3.3581258139969767,9.000983625095465,6.4212340052088415,11.027200930536534,4.8428157081009715,13.006333875159115,7.36544766207253,8.015351730005078,3.2233120071367356,10.269752303534936,10.284983107522992,8.945122069188985,8.065673840552378,8.710059059277416,12.44180758710054,8.141210485444606,15.718190487007307,4.956456934358047,11.608978924748728,24.154059836525068,9.804047610105975,10.996275922718157,7.806922691618494,9.571672756140082,7.101264342360294,8.727569498514299,9.989752685072881,8.413239619570858,3.894639146184467
RectangleTable,13.70618221962888,10.650449021151106,16.524301576296704,8.402205060612145,9.925035371086327,11.236676795703767,13.647708309948724,15.662417962245604,14.063846104212601,10.182313195049998,19.67117526167557,9.806843735167226,15.096237632352443,9.166754483129727,14.497043678912986,10.46591880679959,8.012289242004,21.448139449579664,8.506616972315673,10.960892418387619,10.853898870455708,11.527247355707264,15.935392526578134,12.255833731900001,15.202713020694828,9.034453956792584,20.433597069927053,18.842908958110065,12.148433470992956,7.880327104497026,12.772271440757883,10.161614056673882,15.987168934957918,13.423996543363144,10.969668265277821,14.198304485287391,25.827208291285867,9.921224427707932,9.073822128381758,13.495455114490857,10.240992629805426,7.768862769619186,8.291905136644177,17.922143154597613,7.533770346970071,15.565570965561289,12.300654909718475,14.277373112715363,10.269752303534936,7.246928095889661,19.066260796110193,7.0208892163405014,7.689930588362513,16.968601366236708,18.57159930059511,16.228201004104843,23.333281515436276,12.085399923289813,20.56202134957985,30.956097506040358,17.06305834172244,17.8374504823727,13.621446919876458,14.871946039092682,10.878025223217104,10.00519306621179,19.120534142340247,10.57392280518485,8.034528133747623
Rocket,13.735774924105781,17.176866626572476,7.346335271941393,21.503271597325593,9.535087284584748,9.690084515448598,8.904734790609064,23.04856521424813,10.914027537510636,16.92564267007536,17.949461799595092,13.679465697222485,12.66093481798562,11.59407743747407,11.732842582879659,15.565493303080212,15.946823119804984,13.566690879567867,16.56941977369152,12.324835174135838,13.53114075541445,11.652830413144295,26.005006055252544,6.813251931655775,13.094305097040692,19.731805098291588,7.647992949390466,7.652996455155349,9.213828023845068,16.616625387075192,8.637058738388824,16.159196268627117,21.37807357350754,6.9363457500849615,11.5899713785704,7.3811574381039255,9.939664487374417,14.171416497753992,19.250980257383272,7.971102966054495,8.872784671419424,18.216681641832466,14.690789935194196,9.333137357982139,12.898791289760345,19.822177381157505,13.058358630160992,10.75453933922482,10.284983107522992,19.066260796110193,5.703148953268721,17.764087847531204,17.363830155950783,7.186455100745229,10.849719449183477,9.487167663590752,10.161158498175991,9.918353321028023,6.7393044382857985,17.440130154719675,9.050542906097958,13.081318845224372,12.111693314564764,13.538740595692067,14.894335104393411,17.104262012750894,6.1167339226722275,17.33750062215433,12.278399848230105
RoundTable,12.021097956640942,9.654673931198461,15.084798078526854,8.440787502223616,8.705760003372145,9.8289037564113,12.188098928405028,14.304859758190334,12.74334866035308,9.357867703998327,18.398173431797037,8.791063374932007,13.943157847809566,7.890514774888304,13.756705791736895,9.208773348446867,6.843294643245875,19.79202841895372,7.5682257106096555,10.083866743294667,9.789266071061673,10.770660804858641,15.032570295019651,10.861279244835812,14.014719082166541,9.47829680205748,19.242260706447812,17.459746157232285,10.510160605598799,6.359598353993128,11.533718793514549,9.145724536152962,14.016407852740643,11.962243035618924,9.727680398360382,12.841765114724874,24.410811050589498,8.851150780550467,8.303888711770426,12.090739270156632,8.927588568513103,6.370942539238035,7.2942010575512635,16.734206122579288,6.3435324416961025,14.73910774189202,11.077116604059212,13.106643307181827,8.945122069188985,7.0208892163405,17.764087847531208,5.6830392961549085,7.163762189687628,15.637418963835145,17.52303132158539,14.909680300939625,22.193528822831176,10.730299827503158,19.158317199926543,29.973087841786647,15.75561476394801,16.601290342192204,12.297775751342199,13.760035654836532,9.746768057511108,8.592902524585377,17.56386745979226,8.999245831979005,6.6069942654230385
Shelf,11.982470149043314,8.03882421683756,14.7918072268178,7.98850338855652,8.29321733380164,9.615148500061906,12.103489632747301,11.837828038681115,11.967224985026586,8.871247020284853,16.482708966394508,7.713156038246399,13.043999775741547,7.1540042116246845,13.157082203473133,7.600974202900624,5.601488826120874,17.52719715738151,7.592494547132647,10.313819713143522,7.593563192039935,9.23433405754234,14.976799516475621,10.58797769479507,14.62955035431514,10.443375558681819,18.8943353236955,16.855701493254927,9.544283405690184,7.38339230013259,11.386167269532969,7.96471373571968,14.354877515244109,11.384547714796751,9.080584805428709,12.676032605228615,24.052465100144282,7.314866079953358,7.223907886746835,12.013969138339087,7.887040458179939,7.31836745718686,6.036356632899178,16.38142938298075,6.841510796888088,11.953079950179424,10.774448650612124,13.092517221985679,8.06567384055238,7.689930588362513,17.36383015595078,7.163762189687628,4.762232298416989,15.299222007211755,17.19146464233063,13.223289839989,22.087615390424403,10.133236279966056,19.08128718377453,30.995609001975506,14.799361969778301,15.743200656852489,12.437184273212473,11.732415105482408,7.416353340024657,8.657908299134228,16.996079342352253,8.552312165796057,6.828656214895452
Ship,12.572508482496106,15.511870689931952,7.245223385246815,19.61854861910818,8.339784565302574,8.0843165369133,7.6507994519129765,21.368898009048685,10.381904187867017,14.893803740668028,17.46159874297983,12.15915837166416,12.157890883970788,10.047490403255642,10.432865410190294,13.481090184917134,13.874242146124605,14.187449311050583,14.702061800432434,11.047251025551633,11.986596625043047,10.65019331144358,23.945132819710814,5.89993376587538,12.064000065558387,18.218316869849954,8.64229803229077,8.220817371799276,8.062122541927964,14.194592800669657,7.586273191248136,14.177085591589627,19.466095662004214,6.571629745279559,9.910650808306524,6.699561778282709,11.66284821237429,12.37878109979463,17.402868616630172,6.927121891536662,7.5586346832968125,15.952361107155662,13.13604784757241,9.611850917956751,10.793935790587614,18.49108725971967,11.21984526683997,9.707114131447197,8.710059059277416,16.968601366236708,7.186455100745229,15.637418963835147,15.299222007211755,7.029972754488262,11.106666517749295,9.444912680336662,11.396540500306573,8.525725506134558,7.314645258154006,18.34792178996881,9.41868452341809,12.695011275035402,10.705287395897624,12.965797490733246,13.422953041069647,15.196565097048296,7.036897678634509,15.261808214691108,9.936361508417155
Sign,16.927864425169783,18.465167255357446,11.653124353807994,21.15470108230779,11.08018459668062,11.6814735696056,11.6613373963463,24.204860414815727,14.881572190128143,17.636541522275376,21.10908298569654,15.514140376418963,16.10668100284182,13.568230160702932,13.401775463474529,16.528287320412645,16.432363241016265,16.89600858336142,16.684473658061474,13.613445128797196,15.11633079274078,12.989349682257856,26.669688915999377,10.381853190878351,14.503040883018135,19.287458025365453,11.161407428704386,11.112946043646732,12.344686189964497,17.051929399946875,11.204714319530307,17.244169215336264,23.400901792177297,10.43296904391885,12.966587335232958,10.222529849182338,13.60345439836554,16.17708937522998,19.3042240000102,10.543288344147287,11.25686339234889,18.349134075148356,15.762069677255502,11.87038153930084,13.697370645561826,21.220214740192024,14.580654324549627,12.974107409194588,12.44180758710054,18.57159930059511,10.849719449183477,17.52303132158539,17.19146464233063,11.106666517749295,12.082540278535925,14.025301937246995,13.34066014634147,12.440612898549103,10.269961667037164,18.897580576867455,11.533252189350463,16.27002648871038,14.038481721395373,16.44111525559049,16.628119798312813,18.19631757337372,10.948458510590262,18.41618538675863,13.121739694274094
Skyscraper,10.626143092428578,12.60176280119992,8.55620164623509,17.79239242733127,8.979109405340202,8.48455135485293,8.95832968382423,17.13797984074642,8.154186005613733,13.518787874964001,14.350255488868608,10.148186821664229,10.087489507257887,8.735331400561465,11.41164661247702,11.601460985066389,12.058542953279403,12.125864265501395,13.990852697750798,11.80841433142086,10.089136470251132,10.240358759077331,20.309093761956444,6.034641992782176,13.46376730976468,18.533292723135204,11.875428485248401,10.512537058814143,7.465163098315918,13.106241918906958,8.545527729520366,12.176427636442996,16.481202723362557,7.252149305264902,10.110200642977363,8.360318912314542,15.025258744830202,9.711095073691343,15.348567604701518,8.347878488530322,6.766513163627494,14.36280246872247,11.019780950267052,12.14607776582281,10.532888443393698,15.332897583890226,11.244079792425723,10.876259229856,8.141210485444606,16.22820100410484,9.487167663590752,14.909680300939623,13.223289839989,9.44491268033666,14.025301937246994,7.069994659219126,14.988865773350485,8.34003985953678,11.361510700011719,23.77078081093628,11.340920291513966,12.180683946414177,11.649532114360602,10.592111094418787,10.148836658632229,13.17915603208876,8.769112745301237,13.152838252877581,9.680664257701237
Spoon,19.284558064704285,22.404743476863224,12.544790703355607,25.842581221150674,14.290951872038466,14.718769694134679,13.793108559893051,28.390245094692812,16.53629892966986,21.76747886646348,22.936352304883155,19.04495457897056,17.899996303505013,16.77391531675435,15.9521386552523,20.55843384510674,21.102435999456226,17.444238429194826,20.84384175077266,16.357724739544285,18.851106556591454,16.183697734680596,30.508115898585256,12.335117441629103,16.12326556086279,23.455230720445265,9.935233680745469,10.97101883622814,14.671134935604288,21.42750670554956,13.445535536405677,21.393543227069824,26.527161322735164,11.991332083088157,16.511885797395134,12.178513968615556,11.540605642837352,19.812125275706787,23.87304022337382,12.826776922423669,14.290904148046275,22.804840766930813,19.762062912415942,11.832264723368972,17.815039284613043,24.694240223282875,17.793519114225727,14.899196735698824,15.718190487007307,23.333281515436276,10.161158498175991,22.193528822831176,22.087615390424403,11.396540500306573,13.340660146341468,14.988865773350488,11.222229861125822,15.091973046546554,9.61834657443203,17.189759854745386,12.310569599915409,17.590152758784026,16.72920752002259,18.474936312822837,20.196661839541996,22.18072782850066,10.001152247493332,22.313776503246892,17.214016267654518
Starship,8.995421713406772,10.890533147326392,7.385601928973666,14.948421837614237,4.868613968464749,4.694941989305167,5.911651342318259,16.19359719057101,7.497047727222304,10.279294928050792,14.782221277140675,7.583125528972757,9.534381818921917,6.182782802131252,8.253948566150573,8.701377994817614,8.76141874778453,14.102036467323599,10.368150166938541,8.331178574076445,7.737604934960819,7.639500203222467,18.877371372176363,3.784601687389096,10.694225877806788,14.437965066908188,12.134238182897873,10.35872465382116,5.361025978597707,8.79419835419957,5.350520053422537,9.421958340466741,14.538206427965054,5.753026935368293,6.15097958613111,5.535811797539883,16.386202119255632,7.39659913550292,12.53719001595278,5.146591719007064,4.1646062516819695,10.693981203353747,8.543414063766233,11.154214127910894,5.964607691075402,14.574103955485056,7.644330602239857,7.815970792624255,4.956456934358047,12.085399923289813,9.918353321028025,10.73029982750316,10.133236279966056,8.525725506134558,12.440612898549102,8.34003985953678,15.091973046546554,5.0539340362071545,10.969884422456651,22.86906838534809,10.41084400238895,11.389552395611187,7.959602420697467,10.432384359938405,8.632599484822906,10.409248401693752,9.637799002351532,10.237505308636965,4.94275276375613
SubmachineGun,15.805953819987266,19.107163415620324,7.916260078611168,23.33638795042985,10.651873452703155,10.611286473653257,9.247826983313791,25.256677311303108,13.394987082921345,18.208805148058474,20.03121225979602,15.923501096532766,14.855273679031756,13.303859163396965,11.90783665715134,16.929304731296096,17.520668094656358,14.585505796912479,17.910460941460496,13.324133318474782,15.212042240562857,12.631074731973861,27.570502936692183,7.827974240679259,13.137661424651608,21.152543763846605,7.094003644205507,7.4396977253237395,10.649827589821383,18.003686881942013,9.369251082456312,17.745498971249877,23.262200503693716,7.682185261775256,12.548467446977039,7.55015322413986,9.121017371364276,16.353962937970362,21.152784764106823,8.036436317954472,10.256733594168209,19.6616299390454,16.807324569837867,9.013452872791213,14.257195052922487,21.61971927503431,13.927948159949658,11.33573554455499,11.608978924748728,20.56202134957985,6.7393044382857985,19.158317199926543,19.08128718377453,7.314645258154006,10.269961667037164,11.361510700011719,9.61834657443203,10.969884422456651,5.023512464957954,15.250436140707965,8.972622549549422,14.370481565548548,12.917364042915972,15.603002560394835,17.111594817594614,18.820015279622012,6.465023823244988,19.059386178212897,13.384105366138431
Sword,27.665473077907457,30.891728859086097,20.175830777358517,34.20219366202939,22.524971254919485,22.22873123909338,20.80151218292448,37.659162134906126,25.444184550761715,29.149451946270702,31.331879513020134,27.8177855341315,26.368236237299012,25.869883277969635,22.024338232789475,28.512400606310027,29.891818417476397,27.1263715122007,29.045344103684258,23.67807925162889,28.156680295330727,24.942451131463766,37.64236817539304,20.37174391003667,21.559319040399288,30.574827609621856,16.707777454630833,17.761920167345604,23.55079605313246,28.728264489507207,20.522143156861887,29.432421732152882,34.48177014108773,20.50996020782982,24.40166240216666,19.157880113858365,16.839544963922602,28.13966079960496,32.828941750719565,19.84722026798312,22.9532456144833,30.319373088087566,29.145516223376863,18.517125863218908,25.281103872007485,33.75913561904029,24.712217249375357,21.289302890036872,24.154059836525068,30.956097506040358,17.440130154719675,29.973087841786647,30.995609001975506,18.34792178996881,18.89758057686746,23.77078081093628,17.189759854745386,22.86906838534809,15.250436140707965,14.809619031940896,20.00454853348551,24.5676224498742,23.367643109636138,27.35916491113935,29.39096652139298,30.240164165067057,18.3409279350237,30.779106706053604,24.80644723482173
Tool,14.705112790482588,16.479686210011153,9.507086501060236,19.349138171311655,8.206371566406899,9.479870980036017,9.957991843423352,22.09164694401421,12.496869140805236,16.360433178582394,18.819960180619642,13.332405031835185,13.857462632692148,10.687155087299521,12.377690541151765,14.960157810368234,14.1591436255397,13.153960315267875,14.075491035938139,11.784593271990747,12.032262855675162,10.315179142995497,25.616929044096587,7.6308737036817,13.305847404192198,17.737311493831815,9.256397884863496,8.812143468387086,9.556411932062026,15.998456572231534,9.386402211500407,15.648380547709154,22.25404873700656,7.171061217754016,10.618955817669285,8.485615605898412,12.721599727956038,14.883499477063411,16.974047607388233,8.435166189374167,8.130862014232235,17.003678032901387,12.814952028601581,10.262241331458872,12.328270115099022,18.38949895653057,13.377689301595614,11.862421671004538,9.804047610105977,17.06305834172244,9.050542906097958,15.755614763948007,14.799361969778301,9.41868452341809,11.533252189350465,11.340920291513966,12.310569599915409,10.41084400238895,8.972622549549422,20.00454853348551,7.401007436556155,14.111660765841233,12.882995257184277,14.084261439510312,14.241034121403205,16.402083368545252,8.37105575396567,16.36122460231502,11.7474982744903
Train,14.161978129307936,16.03493029547199,12.32605939736958,19.85233043353266,11.047087921617171,11.247263466653392,11.984651410016099,21.285455236614332,12.12282745437976,16.21163741088032,18.236103854840813,12.800947172679768,13.95261417222136,11.600094236957887,14.045730375754513,14.600401257704684,14.77637684364862,16.753955826286358,15.926044780324794,13.575119601925893,13.460678250898685,13.16052524793215,23.70401663152259,9.536977277894982,15.482977007250597,19.726593972026357,14.789287004770355,13.733891294736388,10.877806574899763,14.971253572612813,11.60242908267624,15.28410017119281,19.90841574536724,10.661326009296225,12.747040180794668,11.546185362152793,18.21912302288397,13.089461249138358,17.85833023128342,11.34284385799906,9.809125766567622,16.318641783006402,13.764626193946704,14.703735699791842,12.645901095332244,19.245914319272394,13.974366811330839,13.554805563146065,10.996275922718157,17.837450482372695,13.081318845224372,16.601290342192204,15.743200656852489,12.695011275035402,16.27002648871038,12.180683946414177,17.590152758784026,11.389552395611183,14.370481565548552,24.5676224498742,14.111660765841233,14.821761350464637,14.198685923405808,14.346410146514982,13.572493340957461,15.870735535692747,12.779375130878536,15.730255507270206,11.84415881204774
Tree,12.141060694148758,13.454826233649165,9.941544096079491,17.32096874338511,6.837448882717583,6.287862074377808,7.500186795645239,18.895561819689515,11.047573981398054,12.07874894050622,18.109082128219992,10.713079954168482,13.113543912702506,9.420933910322892,9.9679410239358,10.963954595483255,11.31986374811131,17.939035796848607,12.14697897714926,10.000990990215785,11.237191595742415,10.944849283823427,21.343412699166148,6.749179338550026,12.384670771819076,15.05319079766091,14.377213062876095,12.818958966141455,8.482445798852263,10.532669084489267,6.87003957045989,11.669849711816234,17.27229966456074,8.603785700646847,7.808530197679267,7.152020020260602,18.41854778252277,10.395308979233441,15.306507843501736,7.073151188922085,7.08958879686571,12.557236289557695,11.322026524650429,13.20241509371199,7.27662132603252,17.931948603869127,8.766209096484829,8.680123477755386,7.806922691618493,13.621446919876458,12.111693314564766,12.297775751342199,12.437184273212473,10.705287395897624,14.038481721395373,11.649532114360602,16.72920752002259,7.959602420697467,12.917364042915972,23.367643109636138,12.882995257184277,14.198685923405804,8.431362717278507,13.696999839669127,11.942975215404934,12.650664870335635,12.451179211296648,13.175207935013464,6.582097724544687
Truck,11.985912275880672,12.026217436553756,12.313214927749883,15.571806890963558,9.572134177456823,10.904134936196478,11.861497292272048,15.366423905885792,9.842844610526155,13.315599766732316,14.411617188607691,9.61657615591844,11.214815082382868,8.670654018500588,13.658012740318988,11.171544583203994,11.15861240353925,13.805163118967245,13.290942651389466,11.860924805457298,10.337475081343145,10.87540007211891,18.914703469692377,9.361480752655359,15.111295098499113,17.223327681250744,15.232937615989071,14.029851063779812,9.442674959274923,12.286896425090347,11.526342784687822,11.874586717981494,15.558674642579987,10.30210602640576,11.578537559099589,11.913872385978006,18.885505791714046,9.83562638209002,13.308855215177049,11.610735080920056,8.517652980311283,12.983622226139982,10.054020550054858,14.687088627190134,10.87091873607875,14.449372009972736,12.855257216409077,13.347406444312933,9.571672756140082,14.87194603909268,13.538740595692067,13.760035654836534,11.732415105482408,12.965797490733246,16.441115255590493,10.592111094418785,18.474936312822837,10.432384359938407,15.603002560394835,27.359164911139356,14.084261439510312,14.346410146514982,13.696999839669127,10.171880458856226,9.06326482698071,12.557680469881944,12.794281648732827,12.05247762772941,10.36131392086812
TruckNonContainer,9.82481490703179,8.291582183502053,12.597998449105715,11.50655400981819,7.515442818233909,8.953554972409085,10.862117463035679,11.335068882202576,9.08132254246312,9.725333444517894,13.256563563718903,6.359776196506913,10.311999969075831,6.280359997146671,12.488542820546916,7.023605918466099,7.19428476550174,14.918621154847049,10.001616325493435,9.686449517441847,7.6190307658226635,9.07315647917458,14.994477771182599,8.697879001735673,13.930438096073631,14.10089448024035,16.783930686000694,14.947842853782687,7.778844660314848,7.972918302536288,10.365721790087145,8.29186272611225,12.455995147544385,9.902549156280037,9.275823513956167,11.357139920625999,21.532179666727586,6.288730903410827,9.221384400036525,10.736463929326053,6.533383347342619,8.41886307921201,6.674664844273411,15.045454727800486,7.551032284841089,12.066252417400468,10.5832870676587,12.1580126613921,7.101264342360294,10.878025223217103,14.894335104393411,9.746768057511106,7.416353340024657,13.422953041069647,16.62811979831281,10.14883665863223,20.196661839541992,8.632599484822906,17.111594817594614,29.390966521392986,14.241034121403205,13.572493340957461,11.942975215404934,9.06326482698071,4.83624230576686,8.971845780185667,14.389498694459737,8.212788102149975,7.05156233069675
Vase,10.120806086404013,8.936401795496387,14.285609538015146,11.104504694944913,9.89517234351,10.758735147687757,12.182642907088026,12.599652967293293,11.063727010193514,9.593729601334223,16.570561116354256,8.3425833558096,12.703155148010225,7.650438965583233,13.87748115209376,9.13847936849635,7.143404481257206,18.41570671137521,9.814129477562298,10.926661739286843,9.68140122527416,11.443984015555447,13.875812670557641,10.573107620892344,14.639999855053247,13.331139514296522,18.944139348534268,17.15455013223845,9.598032740568934,6.582073748863979,12.21958974100128,8.67151401179822,10.44673203125455,12.041607737253688,10.68003336795585,13.202051857926849,23.629074752780056,7.551688129156094,9.758498160716089,12.558034318798347,8.959133635191252,6.733010387127774,7.89473078518616,16.863542508913113,7.476386616791935,13.98638309352956,11.554039629335842,13.562928119954913,8.7275694985143,10.005193066211787,17.104262012750894,8.592902524585377,8.65790829913423,15.196565097048294,18.19631757337372,13.17915603208876,22.18072782850066,10.409248401693752,18.820015279622016,30.240164165067057,16.402083368545252,15.870735535692747,12.650664870335635,12.557680469881943,8.971845780185667,7.095662381994398,16.644382823917734,8.520378718018952,7.551889755605905
Violin,12.854780120728822,16.712521878327127,7.055216779883467,21.29378849792735,9.374811743170044,9.674724060705671,8.766385435221363,21.9302672254631,10.1659229614966,16.938298101630387,17.01113925935564,13.353421229863036,11.679537960146481,10.87426806326779,11.635158890232285,15.42329056948985,15.502828647445146,11.059562005410791,16.189453465873793,12.463152009969752,12.588723790484607,10.714914229379678,25.35509973670261,6.551744240072525,13.090464013429177,20.339620535616646,7.049680441460352,7.035757703126291,8.506132617769845,16.574258119757584,8.771296820617094,15.864432380978002,20.132501346114125,6.146236198438517,11.444759263604503,7.287185690039049,9.38391381689142,14.2747156994561,18.595378782465684,7.641011810701408,8.425933865978347,18.065164502869077,14.073054597024743,8.889214929874692,13.14458796107267,18.640066509638665,13.193265131895927,11.01359165036151,9.989752685072881,19.120534142340247,6.1167339226722275,17.56386745979226,16.996079342352253,7.036897678634509,10.94845851059026,8.769112745301236,10.001152247493332,9.637799002351532,6.465023823244988,18.3409279350237,8.371055753965672,12.779375130878538,12.451179211296648,12.794281648732827,14.389498694459737,16.644382823917738,4.33034325958087,16.56130747152537,12.27961069899576
Wheel,9.708363771598355,9.432001182287204,14.691266726236249,10.96609722832885,9.408059333909621,10.49859207272104,12.306422050556373,12.705517321075096,10.271422666952292,10.449344119511359,16.085241063596335,7.639138843546483,11.439973322601919,7.299690818637477,14.23627276487282,9.135109098567666,7.487508122344529,17.79168731996476,10.152858630505218,10.817522771006896,8.722407035017874,10.928455415846384,14.775921804216004,10.606125954534992,14.664374430754854,13.60859219993132,18.921384341080223,17.186361508873052,9.07221989841077,7.085058802070486,12.342444162052079,9.207721083576695,10.798758070555737,12.000679030956626,10.644270284930874,13.526348071150283,23.525757501388075,7.613057370903833,9.045388260757033,12.577812201472799,8.742065784220806,7.696224659701773,7.5971836119907215,16.934845837274707,8.308216678180953,13.49128694104232,11.930765435714543,13.865815577179774,8.413239619570858,10.57392280518485,17.33750062215433,8.999245831979005,8.552312165796057,15.261808214691108,18.41618538675863,13.152838252877583,22.313776503246892,10.237505308636965,19.0593861782129,30.779106706053604,16.361224602315023,15.730255507270206,13.175207935013464,12.052477627729411,8.212788102149975,8.52037871801895,16.561307471525367,6.983126541822784,7.832391445912961
WheelChair,8.494251260009548,8.558954524522278,9.114452706840618,11.406267219800895,4.2555084653603865,3.7206456653799016,5.879129076518381,13.698070601469357,7.847275097733888,7.763777129305765,14.897598050333997,5.871215326505069,10.084840635522047,4.59797233851526,8.687358734822164,6.337044927972251,5.713636873087145,16.0507669153143,6.992012005639723,6.601491210985207,7.087928832353444,7.537957698750336,15.960712953733198,4.462993815428705,9.649422673984539,10.668902162936252,14.461298914696497,12.46003557164428,5.220560828254301,5.244440812213777,5.124483143925894,7.080298584554467,12.326727442198488,6.662984138407321,4.503423636835607,6.38109285060902,19.339409092801045,5.605809244076008,9.740312720664763,5.7678889332128565,4.100405022508957,7.025211804099222,6.0220211171930655,12.075593313894638,2.0961679392099293,13.559458522194948,5.774910963455043,7.267030503363286,3.894639146184467,8.034528133747623,12.278399848230105,6.6069942654230385,6.828656214895452,9.936361508417155,13.121739694274094,9.680664257701237,17.214016267654518,4.94275276375613,13.384105366138431,24.80644723482173,11.747498274490297,11.84415881204774,6.582097724544687,10.36131392086812,7.05156233069675,7.551889755605904,12.279610698995763,7.832391445912963,0.7640854660503246
