,TP,TN,FP,FN,Class
0,1.0,2403.0,1.0,14.0,AircraftBuoyant
1,1.0,2403.0,1.0,14.0,AircraftBuoyant
2,0,2402.0,2,15.0,AircraftBuoyant
3,1.0,2403.0,1.0,14.0,AircraftBuoyant
4,0,2402.0,2,15.0,AircraftBuoyant
5,1.0,2403.0,1.0,14.0,AircraftBuoyant
6,0,2402.0,2,15.0,AircraftBuoyant
7,1.0,2403.0,1.0,14.0,AircraftBuoyant
8,0,2402.0,2,15.0,AircraftBuoyant
9,1.0,2403.0,1.0,14.0,AircraftBuoyant
10,1.0,2403.0,1.0,14.0,AircraftBuoyant
11,0,2402.0,2,15.0,AircraftBuoyant
12,0,2402.0,2,15.0,AircraftBuoyant
13,0,2402.0,2,15.0,AircraftBuoyant
14,0,2402.0,2,15.0,AircraftBuoyant
15,0,2394.0,2,23.0,Apartment
16,0,2394.0,2,23.0,Apartment
17,0,2394.0,2,23.0,Apartment
18,1.0,2395.0,1.0,22.0,Apartment
19,0,2394.0,2,23.0,Apartment
20,0,2394.0,2,23.0,Apartment
21,1.0,2395.0,1.0,22.0,Apartment
22,1.0,2395.0,1.0,22.0,Apartment
23,0,2394.0,2,23.0,Apartment
24,0,2394.0,2,23.0,Apartment
25,0,2394.0,2,23.0,Apartment
26,1.0,2395.0,1.0,22.0,Apartment
27,0,2394.0,2,23.0,Apartment
28,0,2394.0,2,23.0,Apartment
29,0,2394.0,2,23.0,Apartment
30,0,2394.0,2,23.0,Apartment
31,1.0,2395.0,1.0,22.0,Apartment
32,0,2394.0,2,23.0,Apartment
33,0,2394.0,2,23.0,Apartment
34,0,2394.0,2,23.0,Apartment
35,0,2394.0,2,23.0,Apartment
36,0,2394.0,2,23.0,Apartment
37,0,2394.0,2,23.0,Apartment
38,1.0,2389.0,1.0,28.0,AquaticAnimal
39,1.0,2389.0,1.0,28.0,AquaticAnimal
40,1.0,2389.0,1.0,28.0,AquaticAnimal
41,1.0,2389.0,1.0,28.0,AquaticAnimal
42,1.0,2389.0,1.0,28.0,AquaticAnimal
43,0,2388.0,2,29.0,AquaticAnimal
44,0,2388.0,2,29.0,AquaticAnimal
45,0,2388.0,2,29.0,AquaticAnimal
46,1.0,2389.0,1.0,28.0,AquaticAnimal
47,1.0,2389.0,1.0,28.0,AquaticAnimal
48,0,2388.0,2,29.0,AquaticAnimal
49,1.0,2389.0,1.0,28.0,AquaticAnimal
50,0,2388.0,2,29.0,AquaticAnimal
51,0,2388.0,2,29.0,AquaticAnimal
52,1.0,2389.0,1.0,28.0,AquaticAnimal
53,0,2388.0,2,29.0,AquaticAnimal
54,1.0,2389.0,1.0,28.0,AquaticAnimal
55,1.0,2389.0,1.0,28.0,AquaticAnimal
56,0,2388.0,2,29.0,AquaticAnimal
57,0,2388.0,2,29.0,AquaticAnimal
58,0,2388.0,2,29.0,AquaticAnimal
59,1.0,2389.0,1.0,28.0,AquaticAnimal
60,0,2388.0,2,29.0,AquaticAnimal
61,1.0,2389.0,1.0,28.0,AquaticAnimal
62,0,2388.0,2,29.0,AquaticAnimal
63,0,2388.0,2,29.0,AquaticAnimal
64,0,2388.0,2,29.0,AquaticAnimal
65,1.0,2389.0,1.0,28.0,AquaticAnimal
66,1.0,2389.0,1.0,28.0,AquaticAnimal
67,0,2390.0,2,27.0,Bed
68,0,2390.0,2,27.0,Bed
69,0,2390.0,2,27.0,Bed
70,0,2390.0,2,27.0,Bed
71,0,2390.0,2,27.0,Bed
72,1.0,2391.0,1.0,26.0,Bed
73,1.0,2391.0,1.0,26.0,Bed
74,1.0,2391.0,1.0,26.0,Bed
75,1.0,2391.0,1.0,26.0,Bed
76,1.0,2391.0,1.0,26.0,Bed
77,1.0,2391.0,1.0,26.0,Bed
78,0,2390.0,2,27.0,Bed
79,0,2390.0,2,27.0,Bed
80,1.0,2391.0,1.0,26.0,Bed
81,1.0,2391.0,1.0,26.0,Bed
82,1.0,2391.0,1.0,26.0,Bed
83,0,2390.0,2,27.0,Bed
84,1.0,2391.0,1.0,26.0,Bed
85,0,2390.0,2,27.0,Bed
86,1.0,2391.0,1.0,26.0,Bed
87,0,2390.0,2,27.0,Bed
88,0,2390.0,2,27.0,Bed
89,0,2390.0,2,27.0,Bed
90,0,2390.0,2,27.0,Bed
91,0,2390.0,2,27.0,Bed
92,0,2390.0,2,27.0,Bed
93,0,2390.0,2,27.0,Bed
94,1.0,2392.0,1.0,25.0,Bicycle
95,1.0,2392.0,1.0,25.0,Bicycle
96,0,2391.0,2,26.0,Bicycle
97,1.0,2392.0,1.0,25.0,Bicycle
98,1.0,2392.0,1.0,25.0,Bicycle
99,1.0,2392.0,1.0,25.0,Bicycle
100,1.0,2392.0,1.0,25.0,Bicycle
101,1.0,2392.0,1.0,25.0,Bicycle
102,1.0,2392.0,1.0,25.0,Bicycle
103,1.0,2392.0,1.0,25.0,Bicycle
104,1.0,2392.0,1.0,25.0,Bicycle
105,1.0,2392.0,1.0,25.0,Bicycle
106,1.0,2392.0,1.0,25.0,Bicycle
107,0,2391.0,2,26.0,Bicycle
108,1.0,2392.0,1.0,25.0,Bicycle
109,1.0,2392.0,1.0,25.0,Bicycle
110,0,2391.0,2,26.0,Bicycle
111,0,2391.0,2,26.0,Bicycle
112,0,2391.0,2,26.0,Bicycle
113,1.0,2392.0,1.0,25.0,Bicycle
114,0,2391.0,2,26.0,Bicycle
115,1.0,2392.0,1.0,25.0,Bicycle
116,1.0,2392.0,1.0,25.0,Bicycle
117,1.0,2392.0,1.0,25.0,Bicycle
118,1.0,2392.0,1.0,25.0,Bicycle
119,1.0,2392.0,1.0,25.0,Bicycle
120,0,2373.0,2,44.0,Biplane
121,1.0,2374.0,1.0,43.0,Biplane
122,1.0,2374.0,1.0,43.0,Biplane
123,1.0,2374.0,1.0,43.0,Biplane
124,0,2373.0,2,44.0,Biplane
125,0,2373.0,2,44.0,Biplane
126,0,2373.0,2,44.0,Biplane
127,1.0,2374.0,1.0,43.0,Biplane
128,1.0,2374.0,1.0,43.0,Biplane
129,0,2373.0,2,44.0,Biplane
130,0,2373.0,2,44.0,Biplane
131,1.0,2374.0,1.0,43.0,Biplane
132,0,2373.0,2,44.0,Biplane
133,0,2373.0,2,44.0,Biplane
134,1.0,2374.0,1.0,43.0,Biplane
135,0,2373.0,2,44.0,Biplane
136,1.0,2374.0,1.0,43.0,Biplane
137,1.0,2374.0,1.0,43.0,Biplane
138,1.0,2374.0,1.0,43.0,Biplane
139,1.0,2374.0,1.0,43.0,Biplane
140,0,2373.0,2,44.0,Biplane
141,1.0,2374.0,1.0,43.0,Biplane
142,1.0,2374.0,1.0,43.0,Biplane
143,0,2373.0,2,44.0,Biplane
144,1.0,2374.0,1.0,43.0,Biplane
145,1.0,2374.0,1.0,43.0,Biplane
146,1.0,2374.0,1.0,43.0,Biplane
147,0,2373.0,2,44.0,Biplane
148,1.0,2374.0,1.0,43.0,Biplane
149,1.0,2374.0,1.0,43.0,Biplane
150,0,2373.0,2,44.0,Biplane
151,1.0,2374.0,1.0,43.0,Biplane
152,0,2373.0,2,44.0,Biplane
153,1.0,2374.0,1.0,43.0,Biplane
154,1.0,2374.0,1.0,43.0,Biplane
155,0,2373.0,2,44.0,Biplane
156,0,2373.0,2,44.0,Biplane
157,1.0,2374.0,1.0,43.0,Biplane
158,0,2373.0,2,44.0,Biplane
159,1.0,2374.0,1.0,43.0,Biplane
160,1.0,2374.0,1.0,43.0,Biplane
161,0,2373.0,2,44.0,Biplane
162,1.0,2374.0,1.0,43.0,Biplane
163,0,2373.0,2,44.0,Biplane
164,1.0,2375.0,1.0,42.0,Bird
165,0,2374.0,2,43.0,Bird
166,0,2374.0,2,43.0,Bird
167,0,2374.0,2,43.0,Bird
168,0,2374.0,2,43.0,Bird
169,1.0,2375.0,1.0,42.0,Bird
170,0,2374.0,2,43.0,Bird
171,0,2374.0,2,43.0,Bird
172,1.0,2375.0,1.0,42.0,Bird
173,0,2374.0,2,43.0,Bird
174,0,2374.0,2,43.0,Bird
175,1.0,2375.0,1.0,42.0,Bird
176,0,2374.0,2,43.0,Bird
177,1.0,2375.0,1.0,42.0,Bird
178,1.0,2375.0,1.0,42.0,Bird
179,0,2374.0,2,43.0,Bird
180,1.0,2375.0,1.0,42.0,Bird
181,1.0,2375.0,1.0,42.0,Bird
182,1.0,2375.0,1.0,42.0,Bird
183,1.0,2375.0,1.0,42.0,Bird
184,0,2374.0,2,43.0,Bird
185,0,2374.0,2,43.0,Bird
186,0,2374.0,2,43.0,Bird
187,0,2374.0,2,43.0,Bird
188,0,2374.0,2,43.0,Bird
189,0,2374.0,2,43.0,Bird
190,1.0,2375.0,1.0,42.0,Bird
191,0,2374.0,2,43.0,Bird
192,0,2374.0,2,43.0,Bird
193,1.0,2375.0,1.0,42.0,Bird
194,1.0,2375.0,1.0,42.0,Bird
195,0,2374.0,2,43.0,Bird
196,1.0,2375.0,1.0,42.0,Bird
197,1.0,2375.0,1.0,42.0,Bird
198,1.0,2375.0,1.0,42.0,Bird
199,0,2374.0,2,43.0,Bird
200,0,2374.0,2,43.0,Bird
201,1.0,2375.0,1.0,42.0,Bird
202,1.0,2375.0,1.0,42.0,Bird
203,0,2374.0,2,43.0,Bird
204,0,2374.0,2,43.0,Bird
205,0,2374.0,2,43.0,Bird
206,0,2374.0,2,43.0,Bird
207,1.0,2400.0,1.0,17.0,Bookset
208,0,2399.0,2,18.0,Bookset
209,0,2399.0,2,18.0,Bookset
210,0,2399.0,2,18.0,Bookset
211,0,2399.0,2,18.0,Bookset
212,1.0,2400.0,1.0,17.0,Bookset
213,0,2399.0,2,18.0,Bookset
214,1.0,2400.0,1.0,17.0,Bookset
215,0,2399.0,2,18.0,Bookset
216,0,2399.0,2,18.0,Bookset
217,0,2399.0,2,18.0,Bookset
218,0,2399.0,2,18.0,Bookset
219,1.0,2400.0,1.0,17.0,Bookset
220,0,2399.0,2,18.0,Bookset
221,1.0,2400.0,1.0,17.0,Bookset
222,0,2399.0,2,18.0,Bookset
223,0,2399.0,2,18.0,Bookset
224,1.0,2400.0,1.0,17.0,Bookset
225,1.0,2389.0,1.0,28.0,Bottle
226,1.0,2389.0,1.0,28.0,Bottle
227,0,2388.0,2,29.0,Bottle
228,0,2388.0,2,29.0,Bottle
229,0,2388.0,2,29.0,Bottle
230,1.0,2389.0,1.0,28.0,Bottle
231,1.0,2389.0,1.0,28.0,Bottle
232,1.0,2389.0,1.0,28.0,Bottle
233,1.0,2389.0,1.0,28.0,Bottle
234,0,2388.0,2,29.0,Bottle
235,1.0,2389.0,1.0,28.0,Bottle
236,0,2388.0,2,29.0,Bottle
237,1.0,2389.0,1.0,28.0,Bottle
238,1.0,2389.0,1.0,28.0,Bottle
239,0,2388.0,2,29.0,Bottle
240,0,2388.0,2,29.0,Bottle
241,1.0,2389.0,1.0,28.0,Bottle
242,1.0,2389.0,1.0,28.0,Bottle
243,0,2388.0,2,29.0,Bottle
244,0,2388.0,2,29.0,Bottle
245,0,2388.0,2,29.0,Bottle
246,1.0,2389.0,1.0,28.0,Bottle
247,1.0,2389.0,1.0,28.0,Bottle
248,0,2388.0,2,29.0,Bottle
249,1.0,2389.0,1.0,28.0,Bottle
250,1.0,2389.0,1.0,28.0,Bottle
251,0,2388.0,2,29.0,Bottle
252,0,2388.0,2,29.0,Bottle
253,0,2388.0,2,29.0,Bottle
254,0,2374.0,2,43.0,BuildingNonResidential
255,0,2374.0,2,43.0,BuildingNonResidential
256,0,2374.0,2,43.0,BuildingNonResidential
257,0,2374.0,2,43.0,BuildingNonResidential
258,0,2374.0,2,43.0,BuildingNonResidential
259,0,2374.0,2,43.0,BuildingNonResidential
260,0,2374.0,2,43.0,BuildingNonResidential
261,0,2374.0,2,43.0,BuildingNonResidential
262,0,2374.0,2,43.0,BuildingNonResidential
263,0,2374.0,2,43.0,BuildingNonResidential
264,0,2374.0,2,43.0,BuildingNonResidential
265,1.0,2375.0,1.0,42.0,BuildingNonResidential
266,0,2374.0,2,43.0,BuildingNonResidential
267,0,2374.0,2,43.0,BuildingNonResidential
268,0,2374.0,2,43.0,BuildingNonResidential
269,1.0,2375.0,1.0,42.0,BuildingNonResidential
270,0,2374.0,2,43.0,BuildingNonResidential
271,0,2374.0,2,43.0,BuildingNonResidential
272,1.0,2375.0,1.0,42.0,BuildingNonResidential
273,0,2374.0,2,43.0,BuildingNonResidential
274,0,2374.0,2,43.0,BuildingNonResidential
275,0,2374.0,2,43.0,BuildingNonResidential
276,0,2374.0,2,43.0,BuildingNonResidential
277,0,2374.0,2,43.0,BuildingNonResidential
278,0,2374.0,2,43.0,BuildingNonResidential
279,0,2374.0,2,43.0,BuildingNonResidential
280,0,2374.0,2,43.0,BuildingNonResidential
281,0,2374.0,2,43.0,BuildingNonResidential
282,0,2374.0,2,43.0,BuildingNonResidential
283,0,2374.0,2,43.0,BuildingNonResidential
284,0,2374.0,2,43.0,BuildingNonResidential
285,0,2374.0,2,43.0,BuildingNonResidential
286,0,2374.0,2,43.0,BuildingNonResidential
287,0,2374.0,2,43.0,BuildingNonResidential
288,0,2374.0,2,43.0,BuildingNonResidential
289,0,2374.0,2,43.0,BuildingNonResidential
290,0,2374.0,2,43.0,BuildingNonResidential
291,0,2374.0,2,43.0,BuildingNonResidential
292,0,2374.0,2,43.0,BuildingNonResidential
293,0,2374.0,2,43.0,BuildingNonResidential
294,0,2374.0,2,43.0,BuildingNonResidential
295,0,2374.0,2,43.0,BuildingNonResidential
296,0,2374.0,2,43.0,BuildingNonResidential
297,0,2400.0,2,17.0,Bus
298,0,2400.0,2,17.0,Bus
299,0,2400.0,2,17.0,Bus
300,0,2400.0,2,17.0,Bus
301,0,2400.0,2,17.0,Bus
302,0,2400.0,2,17.0,Bus
303,0,2400.0,2,17.0,Bus
304,0,2400.0,2,17.0,Bus
305,0,2400.0,2,17.0,Bus
306,0,2400.0,2,17.0,Bus
307,0,2400.0,2,17.0,Bus
308,0,2400.0,2,17.0,Bus
309,0,2400.0,2,17.0,Bus
310,1.0,2401.0,1.0,16.0,Bus
311,0,2400.0,2,17.0,Bus
312,0,2400.0,2,17.0,Bus
313,1.0,2401.0,1.0,16.0,Bus
314,0,2328.0,2,89.0,Car
315,0,2328.0,2,89.0,Car
316,0,2328.0,2,89.0,Car
317,1.0,2329.0,1.0,88.0,Car
318,0,2328.0,2,89.0,Car
319,1.0,2329.0,1.0,88.0,Car
320,0,2328.0,2,89.0,Car
321,1.0,2329.0,1.0,88.0,Car
322,0,2328.0,2,89.0,Car
323,0,2328.0,2,89.0,Car
324,1.0,2329.0,1.0,88.0,Car
325,0,2328.0,2,89.0,Car
326,0,2328.0,2,89.0,Car
327,0,2328.0,2,89.0,Car
328,1.0,2329.0,1.0,88.0,Car
329,1.0,2329.0,1.0,88.0,Car
330,1.0,2329.0,1.0,88.0,Car
331,0,2328.0,2,89.0,Car
332,1.0,2329.0,1.0,88.0,Car
333,1.0,2329.0,1.0,88.0,Car
334,1.0,2329.0,1.0,88.0,Car
335,1.0,2329.0,1.0,88.0,Car
336,1.0,2329.0,1.0,88.0,Car
337,0,2328.0,2,89.0,Car
338,0,2328.0,2,89.0,Car
339,0,2328.0,2,89.0,Car
340,0,2328.0,2,89.0,Car
341,1.0,2329.0,1.0,88.0,Car
342,1.0,2329.0,1.0,88.0,Car
343,1.0,2329.0,1.0,88.0,Car
344,0,2328.0,2,89.0,Car
345,0,2328.0,2,89.0,Car
346,1.0,2329.0,1.0,88.0,Car
347,0,2328.0,2,89.0,Car
348,0,2328.0,2,89.0,Car
349,0,2328.0,2,89.0,Car
350,1.0,2329.0,1.0,88.0,Car
351,0,2328.0,2,89.0,Car
352,1.0,2329.0,1.0,88.0,Car
353,1.0,2329.0,1.0,88.0,Car
354,0,2328.0,2,89.0,Car
355,1.0,2329.0,1.0,88.0,Car
356,1.0,2329.0,1.0,88.0,Car
357,0,2328.0,2,89.0,Car
358,0,2328.0,2,89.0,Car
359,1.0,2329.0,1.0,88.0,Car
360,0,2328.0,2,89.0,Car
361,1.0,2329.0,1.0,88.0,Car
362,1.0,2329.0,1.0,88.0,Car
363,1.0,2329.0,1.0,88.0,Car
364,1.0,2329.0,1.0,88.0,Car
365,0,2328.0,2,89.0,Car
366,1.0,2329.0,1.0,88.0,Car
367,1.0,2329.0,1.0,88.0,Car
368,1.0,2329.0,1.0,88.0,Car
369,1.0,2329.0,1.0,88.0,Car
370,0,2328.0,2,89.0,Car
371,1.0,2329.0,1.0,88.0,Car
372,1.0,2329.0,1.0,88.0,Car
373,1.0,2329.0,1.0,88.0,Car
374,1.0,2329.0,1.0,88.0,Car
375,1.0,2329.0,1.0,88.0,Car
376,1.0,2329.0,1.0,88.0,Car
377,1.0,2329.0,1.0,88.0,Car
378,1.0,2329.0,1.0,88.0,Car
379,1.0,2329.0,1.0,88.0,Car
380,1.0,2329.0,1.0,88.0,Car
381,1.0,2329.0,1.0,88.0,Car
382,0,2328.0,2,89.0,Car
383,1.0,2329.0,1.0,88.0,Car
384,0,2328.0,2,89.0,Car
385,1.0,2329.0,1.0,88.0,Car
386,1.0,2329.0,1.0,88.0,Car
387,0,2328.0,2,89.0,Car
388,0,2328.0,2,89.0,Car
389,1.0,2329.0,1.0,88.0,Car
390,0,2328.0,2,89.0,Car
391,0,2328.0,2,89.0,Car
392,1.0,2329.0,1.0,88.0,Car
393,0,2328.0,2,89.0,Car
394,0,2328.0,2,89.0,Car
395,0,2328.0,2,89.0,Car
396,1.0,2329.0,1.0,88.0,Car
397,0,2328.0,2,89.0,Car
398,0,2328.0,2,89.0,Car
399,0,2328.0,2,89.0,Car
400,0,2328.0,2,89.0,Car
401,0,2328.0,2,89.0,Car
402,0,2328.0,2,89.0,Car
403,0,2397.0,2,20.0,Cellphone
404,1.0,2398.0,1.0,19.0,Cellphone
405,1.0,2398.0,1.0,19.0,Cellphone
406,1.0,2398.0,1.0,19.0,Cellphone
407,1.0,2398.0,1.0,19.0,Cellphone
408,0,2397.0,2,20.0,Cellphone
409,0,2397.0,2,20.0,Cellphone
410,1.0,2398.0,1.0,19.0,Cellphone
411,1.0,2398.0,1.0,19.0,Cellphone
412,0,2397.0,2,20.0,Cellphone
413,0,2397.0,2,20.0,Cellphone
414,1.0,2398.0,1.0,19.0,Cellphone
415,0,2397.0,2,20.0,Cellphone
416,0,2397.0,2,20.0,Cellphone
417,0,2397.0,2,20.0,Cellphone
418,1.0,2398.0,1.0,19.0,Cellphone
419,0,2397.0,2,20.0,Cellphone
420,0,2397.0,2,20.0,Cellphone
421,0,2397.0,2,20.0,Cellphone
422,0,2397.0,2,20.0,Cellphone
423,0,2375.0,2,42.0,Chess
424,1.0,2376.0,1.0,41.0,Chess
425,1.0,2376.0,1.0,41.0,Chess
426,1.0,2376.0,1.0,41.0,Chess
427,1.0,2376.0,1.0,41.0,Chess
428,1.0,2376.0,1.0,41.0,Chess
429,1.0,2376.0,1.0,41.0,Chess
430,1.0,2376.0,1.0,41.0,Chess
431,1.0,2376.0,1.0,41.0,Chess
432,1.0,2376.0,1.0,41.0,Chess
433,1.0,2376.0,1.0,41.0,Chess
434,1.0,2376.0,1.0,41.0,Chess
435,1.0,2376.0,1.0,41.0,Chess
436,1.0,2376.0,1.0,41.0,Chess
437,1.0,2376.0,1.0,41.0,Chess
438,1.0,2376.0,1.0,41.0,Chess
439,1.0,2376.0,1.0,41.0,Chess
440,1.0,2376.0,1.0,41.0,Chess
441,1.0,2376.0,1.0,41.0,Chess
442,1.0,2376.0,1.0,41.0,Chess
443,0,2375.0,2,42.0,Chess
444,0,2375.0,2,42.0,Chess
445,0,2375.0,2,42.0,Chess
446,0,2375.0,2,42.0,Chess
447,0,2375.0,2,42.0,Chess
448,1.0,2376.0,1.0,41.0,Chess
449,1.0,2376.0,1.0,41.0,Chess
450,1.0,2376.0,1.0,41.0,Chess
451,1.0,2376.0,1.0,41.0,Chess
452,1.0,2376.0,1.0,41.0,Chess
453,1.0,2376.0,1.0,41.0,Chess
454,1.0,2376.0,1.0,41.0,Chess
455,1.0,2376.0,1.0,41.0,Chess
456,1.0,2376.0,1.0,41.0,Chess
457,1.0,2376.0,1.0,41.0,Chess
458,1.0,2376.0,1.0,41.0,Chess
459,1.0,2376.0,1.0,41.0,Chess
460,1.0,2376.0,1.0,41.0,Chess
461,1.0,2376.0,1.0,41.0,Chess
462,1.0,2376.0,1.0,41.0,Chess
463,1.0,2376.0,1.0,41.0,Chess
464,1.0,2376.0,1.0,41.0,Chess
465,0,2394.0,2,23.0,City
466,0,2394.0,2,23.0,City
467,0,2394.0,2,23.0,City
468,1.0,2395.0,1.0,22.0,City
469,1.0,2395.0,1.0,22.0,City
470,1.0,2395.0,1.0,22.0,City
471,0,2394.0,2,23.0,City
472,0,2394.0,2,23.0,City
473,1.0,2395.0,1.0,22.0,City
474,1.0,2395.0,1.0,22.0,City
475,1.0,2395.0,1.0,22.0,City
476,0,2394.0,2,23.0,City
477,1.0,2395.0,1.0,22.0,City
478,1.0,2395.0,1.0,22.0,City
479,0,2394.0,2,23.0,City
480,0,2394.0,2,23.0,City
481,1.0,2395.0,1.0,22.0,City
482,1.0,2395.0,1.0,22.0,City
483,1.0,2395.0,1.0,22.0,City
484,1.0,2395.0,1.0,22.0,City
485,1.0,2395.0,1.0,22.0,City
486,1.0,2395.0,1.0,22.0,City
487,0,2394.0,2,23.0,City
488,1.0,2402.0,1.0,15.0,ClassicPiano
489,0,2401.0,2,16.0,ClassicPiano
490,0,2401.0,2,16.0,ClassicPiano
491,1.0,2402.0,1.0,15.0,ClassicPiano
492,0,2401.0,2,16.0,ClassicPiano
493,0,2401.0,2,16.0,ClassicPiano
494,0,2401.0,2,16.0,ClassicPiano
495,0,2401.0,2,16.0,ClassicPiano
496,0,2401.0,2,16.0,ClassicPiano
497,1.0,2402.0,1.0,15.0,ClassicPiano
498,0,2401.0,2,16.0,ClassicPiano
499,1.0,2402.0,1.0,15.0,ClassicPiano
500,0,2401.0,2,16.0,ClassicPiano
501,1.0,2402.0,1.0,15.0,ClassicPiano
502,1.0,2402.0,1.0,15.0,ClassicPiano
503,0,2401.0,2,16.0,ClassicPiano
504,0,2385.0,2,32.0,Computer
505,1.0,2386.0,1.0,31.0,Computer
506,1.0,2386.0,1.0,31.0,Computer
507,1.0,2386.0,1.0,31.0,Computer
508,1.0,2386.0,1.0,31.0,Computer
509,0,2385.0,2,32.0,Computer
510,1.0,2386.0,1.0,31.0,Computer
511,0,2385.0,2,32.0,Computer
512,1.0,2386.0,1.0,31.0,Computer
513,1.0,2386.0,1.0,31.0,Computer
514,0,2385.0,2,32.0,Computer
515,0,2385.0,2,32.0,Computer
516,1.0,2386.0,1.0,31.0,Computer
517,0,2385.0,2,32.0,Computer
518,1.0,2386.0,1.0,31.0,Computer
519,1.0,2386.0,1.0,31.0,Computer
520,1.0,2386.0,1.0,31.0,Computer
521,0,2385.0,2,32.0,Computer
522,0,2385.0,2,32.0,Computer
523,0,2385.0,2,32.0,Computer
524,1.0,2386.0,1.0,31.0,Computer
525,1.0,2386.0,1.0,31.0,Computer
526,1.0,2386.0,1.0,31.0,Computer
527,1.0,2386.0,1.0,31.0,Computer
528,1.0,2386.0,1.0,31.0,Computer
529,1.0,2386.0,1.0,31.0,Computer
530,1.0,2386.0,1.0,31.0,Computer
531,1.0,2386.0,1.0,31.0,Computer
532,1.0,2386.0,1.0,31.0,Computer
533,0,2385.0,2,32.0,Computer
534,1.0,2386.0,1.0,31.0,Computer
535,1.0,2386.0,1.0,31.0,Computer
536,1.0,2400.0,1.0,17.0,ComputerKeyboard
537,0,2399.0,2,18.0,ComputerKeyboard
538,0,2399.0,2,18.0,ComputerKeyboard
539,0,2399.0,2,18.0,ComputerKeyboard
540,1.0,2400.0,1.0,17.0,ComputerKeyboard
541,1.0,2400.0,1.0,17.0,ComputerKeyboard
542,1.0,2400.0,1.0,17.0,ComputerKeyboard
543,0,2399.0,2,18.0,ComputerKeyboard
544,0,2399.0,2,18.0,ComputerKeyboard
545,0,2399.0,2,18.0,ComputerKeyboard
546,1.0,2400.0,1.0,17.0,ComputerKeyboard
547,0,2399.0,2,18.0,ComputerKeyboard
548,0,2399.0,2,18.0,ComputerKeyboard
549,0,2399.0,2,18.0,ComputerKeyboard
550,0,2399.0,2,18.0,ComputerKeyboard
551,1.0,2400.0,1.0,17.0,ComputerKeyboard
552,1.0,2400.0,1.0,17.0,ComputerKeyboard
553,1.0,2400.0,1.0,17.0,ComputerKeyboard
554,0,2389.0,2,28.0,Cup
555,0,2389.0,2,28.0,Cup
556,0,2389.0,2,28.0,Cup
557,1.0,2390.0,1.0,27.0,Cup
558,0,2389.0,2,28.0,Cup
559,1.0,2390.0,1.0,27.0,Cup
560,0,2389.0,2,28.0,Cup
561,1.0,2390.0,1.0,27.0,Cup
562,0,2389.0,2,28.0,Cup
563,0,2389.0,2,28.0,Cup
564,0,2389.0,2,28.0,Cup
565,0,2389.0,2,28.0,Cup
566,0,2389.0,2,28.0,Cup
567,0,2389.0,2,28.0,Cup
568,0,2389.0,2,28.0,Cup
569,0,2389.0,2,28.0,Cup
570,1.0,2390.0,1.0,27.0,Cup
571,0,2389.0,2,28.0,Cup
572,0,2389.0,2,28.0,Cup
573,1.0,2390.0,1.0,27.0,Cup
574,0,2389.0,2,28.0,Cup
575,0,2389.0,2,28.0,Cup
576,0,2389.0,2,28.0,Cup
577,1.0,2390.0,1.0,27.0,Cup
578,0,2389.0,2,28.0,Cup
579,0,2389.0,2,28.0,Cup
580,0,2389.0,2,28.0,Cup
581,0,2389.0,2,28.0,Cup
582,0,2386.0,2,31.0,DeskLamp
583,1.0,2387.0,1.0,30.0,DeskLamp
584,1.0,2387.0,1.0,30.0,DeskLamp
585,0,2386.0,2,31.0,DeskLamp
586,0,2386.0,2,31.0,DeskLamp
587,0,2386.0,2,31.0,DeskLamp
588,0,2386.0,2,31.0,DeskLamp
589,0,2386.0,2,31.0,DeskLamp
590,0,2386.0,2,31.0,DeskLamp
591,0,2386.0,2,31.0,DeskLamp
592,0,2386.0,2,31.0,DeskLamp
593,1.0,2387.0,1.0,30.0,DeskLamp
594,0,2386.0,2,31.0,DeskLamp
595,1.0,2387.0,1.0,30.0,DeskLamp
596,0,2386.0,2,31.0,DeskLamp
597,0,2386.0,2,31.0,DeskLamp
598,0,2386.0,2,31.0,DeskLamp
599,0,2386.0,2,31.0,DeskLamp
600,1.0,2387.0,1.0,30.0,DeskLamp
601,0,2386.0,2,31.0,DeskLamp
602,0,2386.0,2,31.0,DeskLamp
603,0,2386.0,2,31.0,DeskLamp
604,1.0,2387.0,1.0,30.0,DeskLamp
605,0,2386.0,2,31.0,DeskLamp
606,0,2386.0,2,31.0,DeskLamp
607,0,2386.0,2,31.0,DeskLamp
608,0,2386.0,2,31.0,DeskLamp
609,0,2386.0,2,31.0,DeskLamp
610,0,2386.0,2,31.0,DeskLamp
611,0,2386.0,2,31.0,DeskLamp
612,1.0,2387.0,1.0,30.0,DeskLamp
613,0,2398.0,2,19.0,DeskPhone
614,0,2398.0,2,19.0,DeskPhone
615,0,2398.0,2,19.0,DeskPhone
616,0,2398.0,2,19.0,DeskPhone
617,0,2398.0,2,19.0,DeskPhone
618,0,2398.0,2,19.0,DeskPhone
619,0,2398.0,2,19.0,DeskPhone
620,0,2398.0,2,19.0,DeskPhone
621,1.0,2399.0,1.0,18.0,DeskPhone
622,0,2398.0,2,19.0,DeskPhone
623,0,2398.0,2,19.0,DeskPhone
624,0,2398.0,2,19.0,DeskPhone
625,0,2398.0,2,19.0,DeskPhone
626,0,2398.0,2,19.0,DeskPhone
627,0,2398.0,2,19.0,DeskPhone
628,0,2398.0,2,19.0,DeskPhone
629,0,2398.0,2,19.0,DeskPhone
630,0,2398.0,2,19.0,DeskPhone
631,0,2398.0,2,19.0,DeskPhone
632,1.0,2374.0,1.0,43.0,Door
633,1.0,2374.0,1.0,43.0,Door
634,1.0,2374.0,1.0,43.0,Door
635,1.0,2374.0,1.0,43.0,Door
636,1.0,2374.0,1.0,43.0,Door
637,1.0,2374.0,1.0,43.0,Door
638,1.0,2374.0,1.0,43.0,Door
639,0,2373.0,2,44.0,Door
640,1.0,2374.0,1.0,43.0,Door
641,1.0,2374.0,1.0,43.0,Door
642,1.0,2374.0,1.0,43.0,Door
643,0,2373.0,2,44.0,Door
644,0,2373.0,2,44.0,Door
645,1.0,2374.0,1.0,43.0,Door
646,1.0,2374.0,1.0,43.0,Door
647,1.0,2374.0,1.0,43.0,Door
648,1.0,2374.0,1.0,43.0,Door
649,1.0,2374.0,1.0,43.0,Door
650,0,2373.0,2,44.0,Door
651,0,2373.0,2,44.0,Door
652,1.0,2374.0,1.0,43.0,Door
653,1.0,2374.0,1.0,43.0,Door
654,0,2373.0,2,44.0,Door
655,1.0,2374.0,1.0,43.0,Door
656,0,2373.0,2,44.0,Door
657,1.0,2374.0,1.0,43.0,Door
658,1.0,2374.0,1.0,43.0,Door
659,1.0,2374.0,1.0,43.0,Door
660,1.0,2374.0,1.0,43.0,Door
661,1.0,2374.0,1.0,43.0,Door
662,1.0,2374.0,1.0,43.0,Door
663,1.0,2374.0,1.0,43.0,Door
664,1.0,2374.0,1.0,43.0,Door
665,1.0,2374.0,1.0,43.0,Door
666,0,2373.0,2,44.0,Door
667,1.0,2374.0,1.0,43.0,Door
668,0,2373.0,2,44.0,Door
669,1.0,2374.0,1.0,43.0,Door
670,0,2373.0,2,44.0,Door
671,1.0,2374.0,1.0,43.0,Door
672,1.0,2374.0,1.0,43.0,Door
673,1.0,2374.0,1.0,43.0,Door
674,0,2373.0,2,44.0,Door
675,0,2373.0,2,44.0,Door
676,0,2399.0,2,18.0,Drum
677,0,2399.0,2,18.0,Drum
678,0,2399.0,2,18.0,Drum
679,0,2399.0,2,18.0,Drum
680,0,2399.0,2,18.0,Drum
681,0,2399.0,2,18.0,Drum
682,0,2399.0,2,18.0,Drum
683,0,2399.0,2,18.0,Drum
684,0,2399.0,2,18.0,Drum
685,0,2399.0,2,18.0,Drum
686,0,2399.0,2,18.0,Drum
687,0,2399.0,2,18.0,Drum
688,0,2399.0,2,18.0,Drum
689,0,2399.0,2,18.0,Drum
690,0,2399.0,2,18.0,Drum
691,0,2399.0,2,18.0,Drum
692,0,2399.0,2,18.0,Drum
693,0,2399.0,2,18.0,Drum
694,1.0,2398.0,1.0,19.0,Fish
695,1.0,2398.0,1.0,19.0,Fish
696,1.0,2398.0,1.0,19.0,Fish
697,1.0,2398.0,1.0,19.0,Fish
698,1.0,2398.0,1.0,19.0,Fish
699,1.0,2398.0,1.0,19.0,Fish
700,0,2397.0,2,20.0,Fish
701,1.0,2398.0,1.0,19.0,Fish
702,1.0,2398.0,1.0,19.0,Fish
703,0,2397.0,2,20.0,Fish
704,1.0,2398.0,1.0,19.0,Fish
705,0,2397.0,2,20.0,Fish
706,1.0,2398.0,1.0,19.0,Fish
707,1.0,2398.0,1.0,19.0,Fish
708,1.0,2398.0,1.0,19.0,Fish
709,0,2397.0,2,20.0,Fish
710,1.0,2398.0,1.0,19.0,Fish
711,0,2397.0,2,20.0,Fish
712,1.0,2398.0,1.0,19.0,Fish
713,0,2397.0,2,20.0,Fish
714,0,2391.0,2,26.0,FloorLamp
715,1.0,2392.0,1.0,25.0,FloorLamp
716,0,2391.0,2,26.0,FloorLamp
717,0,2391.0,2,26.0,FloorLamp
718,0,2391.0,2,26.0,FloorLamp
719,0,2391.0,2,26.0,FloorLamp
720,0,2391.0,2,26.0,FloorLamp
721,0,2391.0,2,26.0,FloorLamp
722,0,2391.0,2,26.0,FloorLamp
723,0,2391.0,2,26.0,FloorLamp
724,1.0,2392.0,1.0,25.0,FloorLamp
725,0,2391.0,2,26.0,FloorLamp
726,0,2391.0,2,26.0,FloorLamp
727,0,2391.0,2,26.0,FloorLamp
728,0,2391.0,2,26.0,FloorLamp
729,0,2391.0,2,26.0,FloorLamp
730,0,2391.0,2,26.0,FloorLamp
731,0,2391.0,2,26.0,FloorLamp
732,0,2391.0,2,26.0,FloorLamp
733,0,2391.0,2,26.0,FloorLamp
734,0,2391.0,2,26.0,FloorLamp
735,0,2391.0,2,26.0,FloorLamp
736,0,2391.0,2,26.0,FloorLamp
737,0,2391.0,2,26.0,FloorLamp
738,0,2391.0,2,26.0,FloorLamp
739,0,2391.0,2,26.0,FloorLamp
740,1.0,2398.0,1.0,19.0,Glasses
741,1.0,2398.0,1.0,19.0,Glasses
742,0,2397.0,2,20.0,Glasses
743,1.0,2398.0,1.0,19.0,Glasses
744,1.0,2398.0,1.0,19.0,Glasses
745,1.0,2398.0,1.0,19.0,Glasses
746,0,2397.0,2,20.0,Glasses
747,0,2397.0,2,20.0,Glasses
748,1.0,2398.0,1.0,19.0,Glasses
749,1.0,2398.0,1.0,19.0,Glasses
750,1.0,2398.0,1.0,19.0,Glasses
751,1.0,2398.0,1.0,19.0,Glasses
752,0,2397.0,2,20.0,Glasses
753,1.0,2398.0,1.0,19.0,Glasses
754,1.0,2398.0,1.0,19.0,Glasses
755,1.0,2398.0,1.0,19.0,Glasses
756,1.0,2398.0,1.0,19.0,Glasses
757,0,2397.0,2,20.0,Glasses
758,1.0,2398.0,1.0,19.0,Glasses
759,0,2397.0,2,20.0,Glasses
760,1.0,2398.0,1.0,19.0,Guitar
761,0,2397.0,2,20.0,Guitar
762,0,2397.0,2,20.0,Guitar
763,1.0,2398.0,1.0,19.0,Guitar
764,0,2397.0,2,20.0,Guitar
765,0,2397.0,2,20.0,Guitar
766,0,2397.0,2,20.0,Guitar
767,0,2397.0,2,20.0,Guitar
768,0,2397.0,2,20.0,Guitar
769,0,2397.0,2,20.0,Guitar
770,1.0,2398.0,1.0,19.0,Guitar
771,0,2397.0,2,20.0,Guitar
772,0,2397.0,2,20.0,Guitar
773,0,2397.0,2,20.0,Guitar
774,0,2397.0,2,20.0,Guitar
775,0,2397.0,2,20.0,Guitar
776,0,2397.0,2,20.0,Guitar
777,0,2397.0,2,20.0,Guitar
778,0,2397.0,2,20.0,Guitar
779,0,2397.0,2,20.0,Guitar
780,1.0,2360.0,1.0,57.0,Gun
781,1.0,2360.0,1.0,57.0,Gun
782,0,2359.0,2,58.0,Gun
783,1.0,2360.0,1.0,57.0,Gun
784,0,2359.0,2,58.0,Gun
785,1.0,2360.0,1.0,57.0,Gun
786,1.0,2360.0,1.0,57.0,Gun
787,0,2359.0,2,58.0,Gun
788,0,2359.0,2,58.0,Gun
789,1.0,2360.0,1.0,57.0,Gun
790,0,2359.0,2,58.0,Gun
791,1.0,2360.0,1.0,57.0,Gun
792,1.0,2360.0,1.0,57.0,Gun
793,1.0,2360.0,1.0,57.0,Gun
794,0,2359.0,2,58.0,Gun
795,0,2359.0,2,58.0,Gun
796,0,2359.0,2,58.0,Gun
797,0,2359.0,2,58.0,Gun
798,0,2359.0,2,58.0,Gun
799,0,2359.0,2,58.0,Gun
800,1.0,2360.0,1.0,57.0,Gun
801,0,2359.0,2,58.0,Gun
802,0,2359.0,2,58.0,Gun
803,0,2359.0,2,58.0,Gun
804,1.0,2360.0,1.0,57.0,Gun
805,0,2359.0,2,58.0,Gun
806,0,2359.0,2,58.0,Gun
807,0,2359.0,2,58.0,Gun
808,1.0,2360.0,1.0,57.0,Gun
809,0,2359.0,2,58.0,Gun
810,1.0,2360.0,1.0,57.0,Gun
811,0,2359.0,2,58.0,Gun
812,0,2359.0,2,58.0,Gun
813,0,2359.0,2,58.0,Gun
814,0,2359.0,2,58.0,Gun
815,1.0,2360.0,1.0,57.0,Gun
816,1.0,2360.0,1.0,57.0,Gun
817,0,2359.0,2,58.0,Gun
818,1.0,2360.0,1.0,57.0,Gun
819,0,2359.0,2,58.0,Gun
820,0,2359.0,2,58.0,Gun
821,0,2359.0,2,58.0,Gun
822,0,2359.0,2,58.0,Gun
823,0,2359.0,2,58.0,Gun
824,0,2359.0,2,58.0,Gun
825,0,2359.0,2,58.0,Gun
826,0,2359.0,2,58.0,Gun
827,1.0,2360.0,1.0,57.0,Gun
828,0,2359.0,2,58.0,Gun
829,0,2359.0,2,58.0,Gun
830,1.0,2360.0,1.0,57.0,Gun
831,0,2359.0,2,58.0,Gun
832,1.0,2360.0,1.0,57.0,Gun
833,0,2359.0,2,58.0,Gun
834,0,2359.0,2,58.0,Gun
835,0,2359.0,2,58.0,Gun
836,0,2359.0,2,58.0,Gun
837,0,2359.0,2,58.0,Gun
838,1.0,2381.0,1.0,36.0,Hand
839,1.0,2381.0,1.0,36.0,Hand
840,1.0,2381.0,1.0,36.0,Hand
841,1.0,2381.0,1.0,36.0,Hand
842,1.0,2381.0,1.0,36.0,Hand
843,1.0,2381.0,1.0,36.0,Hand
844,1.0,2381.0,1.0,36.0,Hand
845,0,2380.0,2,37.0,Hand
846,1.0,2381.0,1.0,36.0,Hand
847,1.0,2381.0,1.0,36.0,Hand
848,1.0,2381.0,1.0,36.0,Hand
849,1.0,2381.0,1.0,36.0,Hand
850,1.0,2381.0,1.0,36.0,Hand
851,1.0,2381.0,1.0,36.0,Hand
852,1.0,2381.0,1.0,36.0,Hand
853,1.0,2381.0,1.0,36.0,Hand
854,1.0,2381.0,1.0,36.0,Hand
855,0,2380.0,2,37.0,Hand
856,1.0,2381.0,1.0,36.0,Hand
857,1.0,2381.0,1.0,36.0,Hand
858,1.0,2381.0,1.0,36.0,Hand
859,1.0,2381.0,1.0,36.0,Hand
860,1.0,2381.0,1.0,36.0,Hand
861,1.0,2381.0,1.0,36.0,Hand
862,1.0,2381.0,1.0,36.0,Hand
863,1.0,2381.0,1.0,36.0,Hand
864,1.0,2381.0,1.0,36.0,Hand
865,1.0,2381.0,1.0,36.0,Hand
866,1.0,2381.0,1.0,36.0,Hand
867,1.0,2381.0,1.0,36.0,Hand
868,0,2380.0,2,37.0,Hand
869,1.0,2381.0,1.0,36.0,Hand
870,1.0,2381.0,1.0,36.0,Hand
871,1.0,2381.0,1.0,36.0,Hand
872,1.0,2381.0,1.0,36.0,Hand
873,1.0,2381.0,1.0,36.0,Hand
874,1.0,2381.0,1.0,36.0,Hand
875,0,2403.0,2,14.0,Hat
876,1.0,2404.0,1.0,13.0,Hat
877,0,2403.0,2,14.0,Hat
878,0,2403.0,2,14.0,Hat
879,0,2403.0,2,14.0,Hat
880,0,2403.0,2,14.0,Hat
881,0,2403.0,2,14.0,Hat
882,0,2403.0,2,14.0,Hat
883,0,2403.0,2,14.0,Hat
884,1.0,2404.0,1.0,13.0,Hat
885,0,2403.0,2,14.0,Hat
886,1.0,2404.0,1.0,13.0,Hat
887,1.0,2404.0,1.0,13.0,Hat
888,1.0,2404.0,1.0,13.0,Hat
889,1.0,2367.0,1.0,50.0,Helicopter
890,1.0,2367.0,1.0,50.0,Helicopter
891,1.0,2367.0,1.0,50.0,Helicopter
892,1.0,2367.0,1.0,50.0,Helicopter
893,1.0,2367.0,1.0,50.0,Helicopter
894,1.0,2367.0,1.0,50.0,Helicopter
895,1.0,2367.0,1.0,50.0,Helicopter
896,0,2366.0,2,51.0,Helicopter
897,0,2366.0,2,51.0,Helicopter
898,1.0,2367.0,1.0,50.0,Helicopter
899,1.0,2367.0,1.0,50.0,Helicopter
900,1.0,2367.0,1.0,50.0,Helicopter
901,0,2366.0,2,51.0,Helicopter
902,0,2366.0,2,51.0,Helicopter
903,0,2366.0,2,51.0,Helicopter
904,0,2366.0,2,51.0,Helicopter
905,1.0,2367.0,1.0,50.0,Helicopter
906,1.0,2367.0,1.0,50.0,Helicopter
907,1.0,2367.0,1.0,50.0,Helicopter
908,1.0,2367.0,1.0,50.0,Helicopter
909,0,2366.0,2,51.0,Helicopter
910,0,2366.0,2,51.0,Helicopter
911,0,2366.0,2,51.0,Helicopter
912,0,2366.0,2,51.0,Helicopter
913,0,2366.0,2,51.0,Helicopter
914,1.0,2367.0,1.0,50.0,Helicopter
915,1.0,2367.0,1.0,50.0,Helicopter
916,1.0,2367.0,1.0,50.0,Helicopter
917,1.0,2367.0,1.0,50.0,Helicopter
918,0,2366.0,2,51.0,Helicopter
919,0,2366.0,2,51.0,Helicopter
920,0,2366.0,2,51.0,Helicopter
921,1.0,2367.0,1.0,50.0,Helicopter
922,1.0,2367.0,1.0,50.0,Helicopter
923,1.0,2367.0,1.0,50.0,Helicopter
924,1.0,2367.0,1.0,50.0,Helicopter
925,0,2366.0,2,51.0,Helicopter
926,1.0,2367.0,1.0,50.0,Helicopter
927,0,2366.0,2,51.0,Helicopter
928,1.0,2367.0,1.0,50.0,Helicopter
929,1.0,2367.0,1.0,50.0,Helicopter
930,1.0,2367.0,1.0,50.0,Helicopter
931,1.0,2367.0,1.0,50.0,Helicopter
932,1.0,2367.0,1.0,50.0,Helicopter
933,0,2366.0,2,51.0,Helicopter
934,0,2366.0,2,51.0,Helicopter
935,0,2366.0,2,51.0,Helicopter
936,1.0,2367.0,1.0,50.0,Helicopter
937,0,2366.0,2,51.0,Helicopter
938,1.0,2367.0,1.0,50.0,Helicopter
939,0,2366.0,2,51.0,Helicopter
940,0,2373.0,2,44.0,House
941,0,2373.0,2,44.0,House
942,0,2373.0,2,44.0,House
943,0,2373.0,2,44.0,House
944,1.0,2374.0,1.0,43.0,House
945,0,2373.0,2,44.0,House
946,0,2373.0,2,44.0,House
947,0,2373.0,2,44.0,House
948,1.0,2374.0,1.0,43.0,House
949,1.0,2374.0,1.0,43.0,House
950,0,2373.0,2,44.0,House
951,0,2373.0,2,44.0,House
952,0,2373.0,2,44.0,House
953,0,2373.0,2,44.0,House
954,0,2373.0,2,44.0,House
955,1.0,2374.0,1.0,43.0,House
956,0,2373.0,2,44.0,House
957,1.0,2374.0,1.0,43.0,House
958,0,2373.0,2,44.0,House
959,0,2373.0,2,44.0,House
960,0,2373.0,2,44.0,House
961,0,2373.0,2,44.0,House
962,0,2373.0,2,44.0,House
963,0,2373.0,2,44.0,House
964,0,2373.0,2,44.0,House
965,0,2373.0,2,44.0,House
966,0,2373.0,2,44.0,House
967,0,2373.0,2,44.0,House
968,0,2373.0,2,44.0,House
969,0,2373.0,2,44.0,House
970,0,2373.0,2,44.0,House
971,1.0,2374.0,1.0,43.0,House
972,0,2373.0,2,44.0,House
973,0,2373.0,2,44.0,House
974,1.0,2374.0,1.0,43.0,House
975,0,2373.0,2,44.0,House
976,0,2373.0,2,44.0,House
977,1.0,2374.0,1.0,43.0,House
978,0,2373.0,2,44.0,House
979,0,2373.0,2,44.0,House
980,1.0,2374.0,1.0,43.0,House
981,0,2373.0,2,44.0,House
982,0,2373.0,2,44.0,House
983,0,2373.0,2,44.0,House
984,1.0,2368.0,1.0,49.0,HumanHead
985,0,2367.0,2,50.0,HumanHead
986,1.0,2368.0,1.0,49.0,HumanHead
987,1.0,2368.0,1.0,49.0,HumanHead
988,1.0,2368.0,1.0,49.0,HumanHead
989,1.0,2368.0,1.0,49.0,HumanHead
990,0,2367.0,2,50.0,HumanHead
991,1.0,2368.0,1.0,49.0,HumanHead
992,1.0,2368.0,1.0,49.0,HumanHead
993,1.0,2368.0,1.0,49.0,HumanHead
994,1.0,2368.0,1.0,49.0,HumanHead
995,1.0,2368.0,1.0,49.0,HumanHead
996,1.0,2368.0,1.0,49.0,HumanHead
997,1.0,2368.0,1.0,49.0,HumanHead
998,1.0,2368.0,1.0,49.0,HumanHead
999,0,2367.0,2,50.0,HumanHead
1000,1.0,2368.0,1.0,49.0,HumanHead
1001,1.0,2368.0,1.0,49.0,HumanHead
1002,1.0,2368.0,1.0,49.0,HumanHead
1003,1.0,2368.0,1.0,49.0,HumanHead
1004,0,2367.0,2,50.0,HumanHead
1005,1.0,2368.0,1.0,49.0,HumanHead
1006,0,2367.0,2,50.0,HumanHead
1007,1.0,2368.0,1.0,49.0,HumanHead
1008,0,2367.0,2,50.0,HumanHead
1009,0,2367.0,2,50.0,HumanHead
1010,1.0,2368.0,1.0,49.0,HumanHead
1011,1.0,2368.0,1.0,49.0,HumanHead
1012,1.0,2368.0,1.0,49.0,HumanHead
1013,1.0,2368.0,1.0,49.0,HumanHead
1014,1.0,2368.0,1.0,49.0,HumanHead
1015,0,2367.0,2,50.0,HumanHead
1016,0,2367.0,2,50.0,HumanHead
1017,1.0,2368.0,1.0,49.0,HumanHead
1018,0,2367.0,2,50.0,HumanHead
1019,1.0,2368.0,1.0,49.0,HumanHead
1020,1.0,2368.0,1.0,49.0,HumanHead
1021,0,2367.0,2,50.0,HumanHead
1022,1.0,2368.0,1.0,49.0,HumanHead
1023,1.0,2368.0,1.0,49.0,HumanHead
1024,1.0,2368.0,1.0,49.0,HumanHead
1025,1.0,2368.0,1.0,49.0,HumanHead
1026,1.0,2368.0,1.0,49.0,HumanHead
1027,1.0,2368.0,1.0,49.0,HumanHead
1028,0,2367.0,2,50.0,HumanHead
1029,1.0,2368.0,1.0,49.0,HumanHead
1030,0,2367.0,2,50.0,HumanHead
1031,0,2367.0,2,50.0,HumanHead
1032,1.0,2368.0,1.0,49.0,HumanHead
1033,0,2367.0,2,50.0,HumanHead
1034,1.0,2277.0,1.0,140.0,Humanoid
1035,1.0,2277.0,1.0,140.0,Humanoid
1036,1.0,2277.0,1.0,140.0,Humanoid
1037,1.0,2277.0,1.0,140.0,Humanoid
1038,1.0,2277.0,1.0,140.0,Humanoid
1039,1.0,2277.0,1.0,140.0,Humanoid
1040,1.0,2277.0,1.0,140.0,Humanoid
1041,1.0,2277.0,1.0,140.0,Humanoid
1042,1.0,2277.0,1.0,140.0,Humanoid
1043,1.0,2277.0,1.0,140.0,Humanoid
1044,0,2276.0,2,141.0,Humanoid
1045,0,2276.0,2,141.0,Humanoid
1046,1.0,2277.0,1.0,140.0,Humanoid
1047,1.0,2277.0,1.0,140.0,Humanoid
1048,0,2276.0,2,141.0,Humanoid
1049,0,2276.0,2,141.0,Humanoid
1050,1.0,2277.0,1.0,140.0,Humanoid
1051,1.0,2277.0,1.0,140.0,Humanoid
1052,1.0,2277.0,1.0,140.0,Humanoid
1053,1.0,2277.0,1.0,140.0,Humanoid
1054,0,2276.0,2,141.0,Humanoid
1055,1.0,2277.0,1.0,140.0,Humanoid
1056,1.0,2277.0,1.0,140.0,Humanoid
1057,1.0,2277.0,1.0,140.0,Humanoid
1058,1.0,2277.0,1.0,140.0,Humanoid
1059,0,2276.0,2,141.0,Humanoid
1060,1.0,2277.0,1.0,140.0,Humanoid
1061,1.0,2277.0,1.0,140.0,Humanoid
1062,0,2276.0,2,141.0,Humanoid
1063,1.0,2277.0,1.0,140.0,Humanoid
1064,1.0,2277.0,1.0,140.0,Humanoid
1065,1.0,2277.0,1.0,140.0,Humanoid
1066,0,2276.0,2,141.0,Humanoid
1067,1.0,2277.0,1.0,140.0,Humanoid
1068,1.0,2277.0,1.0,140.0,Humanoid
1069,1.0,2277.0,1.0,140.0,Humanoid
1070,1.0,2277.0,1.0,140.0,Humanoid
1071,1.0,2277.0,1.0,140.0,Humanoid
1072,0,2276.0,2,141.0,Humanoid
1073,1.0,2277.0,1.0,140.0,Humanoid
1074,1.0,2277.0,1.0,140.0,Humanoid
1075,1.0,2277.0,1.0,140.0,Humanoid
1076,1.0,2277.0,1.0,140.0,Humanoid
1077,0,2276.0,2,141.0,Humanoid
1078,1.0,2277.0,1.0,140.0,Humanoid
1079,1.0,2277.0,1.0,140.0,Humanoid
1080,0,2276.0,2,141.0,Humanoid
1081,0,2276.0,2,141.0,Humanoid
1082,1.0,2277.0,1.0,140.0,Humanoid
1083,1.0,2277.0,1.0,140.0,Humanoid
1084,1.0,2277.0,1.0,140.0,Humanoid
1085,1.0,2277.0,1.0,140.0,Humanoid
1086,1.0,2277.0,1.0,140.0,Humanoid
1087,1.0,2277.0,1.0,140.0,Humanoid
1088,0,2276.0,2,141.0,Humanoid
1089,1.0,2277.0,1.0,140.0,Humanoid
1090,1.0,2277.0,1.0,140.0,Humanoid
1091,1.0,2277.0,1.0,140.0,Humanoid
1092,0,2276.0,2,141.0,Humanoid
1093,1.0,2277.0,1.0,140.0,Humanoid
1094,0,2276.0,2,141.0,Humanoid
1095,1.0,2277.0,1.0,140.0,Humanoid
1096,1.0,2277.0,1.0,140.0,Humanoid
1097,0,2276.0,2,141.0,Humanoid
1098,1.0,2277.0,1.0,140.0,Humanoid
1099,1.0,2277.0,1.0,140.0,Humanoid
1100,1.0,2277.0,1.0,140.0,Humanoid
1101,0,2276.0,2,141.0,Humanoid
1102,1.0,2277.0,1.0,140.0,Humanoid
1103,0,2276.0,2,141.0,Humanoid
1104,0,2276.0,2,141.0,Humanoid
1105,1.0,2277.0,1.0,140.0,Humanoid
1106,0,2276.0,2,141.0,Humanoid
1107,1.0,2277.0,1.0,140.0,Humanoid
1108,1.0,2277.0,1.0,140.0,Humanoid
1109,1.0,2277.0,1.0,140.0,Humanoid
1110,1.0,2277.0,1.0,140.0,Humanoid
1111,1.0,2277.0,1.0,140.0,Humanoid
1112,1.0,2277.0,1.0,140.0,Humanoid
1113,0,2276.0,2,141.0,Humanoid
1114,0,2276.0,2,141.0,Humanoid
1115,1.0,2277.0,1.0,140.0,Humanoid
1116,0,2276.0,2,141.0,Humanoid
1117,1.0,2277.0,1.0,140.0,Humanoid
1118,1.0,2277.0,1.0,140.0,Humanoid
1119,1.0,2277.0,1.0,140.0,Humanoid
1120,0,2276.0,2,141.0,Humanoid
1121,1.0,2277.0,1.0,140.0,Humanoid
1122,0,2276.0,2,141.0,Humanoid
1123,1.0,2277.0,1.0,140.0,Humanoid
1124,0,2276.0,2,141.0,Humanoid
1125,0,2276.0,2,141.0,Humanoid
1126,0,2276.0,2,141.0,Humanoid
1127,0,2276.0,2,141.0,Humanoid
1128,0,2276.0,2,141.0,Humanoid
1129,0,2276.0,2,141.0,Humanoid
1130,1.0,2277.0,1.0,140.0,Humanoid
1131,0,2276.0,2,141.0,Humanoid
1132,0,2276.0,2,141.0,Humanoid
1133,1.0,2277.0,1.0,140.0,Humanoid
1134,1.0,2277.0,1.0,140.0,Humanoid
1135,1.0,2277.0,1.0,140.0,Humanoid
1136,0,2276.0,2,141.0,Humanoid
1137,0,2276.0,2,141.0,Humanoid
1138,0,2276.0,2,141.0,Humanoid
1139,1.0,2277.0,1.0,140.0,Humanoid
1140,0,2276.0,2,141.0,Humanoid
1141,0,2276.0,2,141.0,Humanoid
1142,0,2276.0,2,141.0,Humanoid
1143,1.0,2277.0,1.0,140.0,Humanoid
1144,1.0,2277.0,1.0,140.0,Humanoid
1145,0,2276.0,2,141.0,Humanoid
1146,1.0,2277.0,1.0,140.0,Humanoid
1147,1.0,2277.0,1.0,140.0,Humanoid
1148,1.0,2277.0,1.0,140.0,Humanoid
1149,0,2276.0,2,141.0,Humanoid
1150,0,2276.0,2,141.0,Humanoid
1151,0,2276.0,2,141.0,Humanoid
1152,1.0,2277.0,1.0,140.0,Humanoid
1153,1.0,2277.0,1.0,140.0,Humanoid
1154,1.0,2277.0,1.0,140.0,Humanoid
1155,1.0,2277.0,1.0,140.0,Humanoid
1156,1.0,2277.0,1.0,140.0,Humanoid
1157,0,2276.0,2,141.0,Humanoid
1158,1.0,2277.0,1.0,140.0,Humanoid
1159,1.0,2277.0,1.0,140.0,Humanoid
1160,1.0,2277.0,1.0,140.0,Humanoid
1161,0,2276.0,2,141.0,Humanoid
1162,1.0,2277.0,1.0,140.0,Humanoid
1163,1.0,2277.0,1.0,140.0,Humanoid
1164,0,2276.0,2,141.0,Humanoid
1165,0,2276.0,2,141.0,Humanoid
1166,1.0,2277.0,1.0,140.0,Humanoid
1167,0,2276.0,2,141.0,Humanoid
1168,0,2276.0,2,141.0,Humanoid
1169,1.0,2277.0,1.0,140.0,Humanoid
1170,1.0,2277.0,1.0,140.0,Humanoid
1171,1.0,2277.0,1.0,140.0,Humanoid
1172,1.0,2277.0,1.0,140.0,Humanoid
1173,1.0,2277.0,1.0,140.0,Humanoid
1174,0,2276.0,2,141.0,Humanoid
1175,0,2351.0,2,66.0,Insect
1176,0,2351.0,2,66.0,Insect
1177,1.0,2352.0,1.0,65.0,Insect
1178,0,2351.0,2,66.0,Insect
1179,0,2351.0,2,66.0,Insect
1180,0,2351.0,2,66.0,Insect
1181,0,2351.0,2,66.0,Insect
1182,1.0,2352.0,1.0,65.0,Insect
1183,0,2351.0,2,66.0,Insect
1184,0,2351.0,2,66.0,Insect
1185,0,2351.0,2,66.0,Insect
1186,0,2351.0,2,66.0,Insect
1187,0,2351.0,2,66.0,Insect
1188,0,2351.0,2,66.0,Insect
1189,1.0,2352.0,1.0,65.0,Insect
1190,0,2351.0,2,66.0,Insect
1191,0,2351.0,2,66.0,Insect
1192,0,2351.0,2,66.0,Insect
1193,0,2351.0,2,66.0,Insect
1194,1.0,2352.0,1.0,65.0,Insect
1195,0,2351.0,2,66.0,Insect
1196,0,2351.0,2,66.0,Insect
1197,1.0,2352.0,1.0,65.0,Insect
1198,0,2351.0,2,66.0,Insect
1199,1.0,2352.0,1.0,65.0,Insect
1200,0,2351.0,2,66.0,Insect
1201,1.0,2352.0,1.0,65.0,Insect
1202,1.0,2352.0,1.0,65.0,Insect
1203,1.0,2352.0,1.0,65.0,Insect
1204,1.0,2352.0,1.0,65.0,Insect
1205,1.0,2352.0,1.0,65.0,Insect
1206,0,2351.0,2,66.0,Insect
1207,1.0,2352.0,1.0,65.0,Insect
1208,0,2351.0,2,66.0,Insect
1209,1.0,2352.0,1.0,65.0,Insect
1210,1.0,2352.0,1.0,65.0,Insect
1211,1.0,2352.0,1.0,65.0,Insect
1212,0,2351.0,2,66.0,Insect
1213,0,2351.0,2,66.0,Insect
1214,0,2351.0,2,66.0,Insect
1215,1.0,2352.0,1.0,65.0,Insect
1216,1.0,2352.0,1.0,65.0,Insect
1217,1.0,2352.0,1.0,65.0,Insect
1218,1.0,2352.0,1.0,65.0,Insect
1219,0,2351.0,2,66.0,Insect
1220,0,2351.0,2,66.0,Insect
1221,1.0,2352.0,1.0,65.0,Insect
1222,1.0,2352.0,1.0,65.0,Insect
1223,1.0,2352.0,1.0,65.0,Insect
1224,1.0,2352.0,1.0,65.0,Insect
1225,1.0,2352.0,1.0,65.0,Insect
1226,0,2351.0,2,66.0,Insect
1227,1.0,2352.0,1.0,65.0,Insect
1228,1.0,2352.0,1.0,65.0,Insect
1229,0,2351.0,2,66.0,Insect
1230,0,2351.0,2,66.0,Insect
1231,0,2351.0,2,66.0,Insect
1232,0,2351.0,2,66.0,Insect
1233,0,2351.0,2,66.0,Insect
1234,0,2351.0,2,66.0,Insect
1235,1.0,2352.0,1.0,65.0,Insect
1236,0,2351.0,2,66.0,Insect
1237,0,2351.0,2,66.0,Insect
1238,0,2351.0,2,66.0,Insect
1239,1.0,2352.0,1.0,65.0,Insect
1240,0,2351.0,2,66.0,Insect
1241,1.0,2275.0,1.0,142.0,Jet
1242,1.0,2275.0,1.0,142.0,Jet
1243,1.0,2275.0,1.0,142.0,Jet
1244,1.0,2275.0,1.0,142.0,Jet
1245,1.0,2275.0,1.0,142.0,Jet
1246,1.0,2275.0,1.0,142.0,Jet
1247,0,2274.0,2,143.0,Jet
1248,1.0,2275.0,1.0,142.0,Jet
1249,0,2274.0,2,143.0,Jet
1250,0,2274.0,2,143.0,Jet
1251,1.0,2275.0,1.0,142.0,Jet
1252,1.0,2275.0,1.0,142.0,Jet
1253,1.0,2275.0,1.0,142.0,Jet
1254,0,2274.0,2,143.0,Jet
1255,1.0,2275.0,1.0,142.0,Jet
1256,1.0,2275.0,1.0,142.0,Jet
1257,1.0,2275.0,1.0,142.0,Jet
1258,1.0,2275.0,1.0,142.0,Jet
1259,1.0,2275.0,1.0,142.0,Jet
1260,1.0,2275.0,1.0,142.0,Jet
1261,0,2274.0,2,143.0,Jet
1262,1.0,2275.0,1.0,142.0,Jet
1263,1.0,2275.0,1.0,142.0,Jet
1264,1.0,2275.0,1.0,142.0,Jet
1265,0,2274.0,2,143.0,Jet
1266,0,2274.0,2,143.0,Jet
1267,0,2274.0,2,143.0,Jet
1268,1.0,2275.0,1.0,142.0,Jet
1269,1.0,2275.0,1.0,142.0,Jet
1270,1.0,2275.0,1.0,142.0,Jet
1271,1.0,2275.0,1.0,142.0,Jet
1272,0,2274.0,2,143.0,Jet
1273,0,2274.0,2,143.0,Jet
1274,0,2274.0,2,143.0,Jet
1275,1.0,2275.0,1.0,142.0,Jet
1276,1.0,2275.0,1.0,142.0,Jet
1277,1.0,2275.0,1.0,142.0,Jet
1278,1.0,2275.0,1.0,142.0,Jet
1279,0,2274.0,2,143.0,Jet
1280,1.0,2275.0,1.0,142.0,Jet
1281,0,2274.0,2,143.0,Jet
1282,1.0,2275.0,1.0,142.0,Jet
1283,1.0,2275.0,1.0,142.0,Jet
1284,1.0,2275.0,1.0,142.0,Jet
1285,1.0,2275.0,1.0,142.0,Jet
1286,1.0,2275.0,1.0,142.0,Jet
1287,1.0,2275.0,1.0,142.0,Jet
1288,1.0,2275.0,1.0,142.0,Jet
1289,1.0,2275.0,1.0,142.0,Jet
1290,0,2274.0,2,143.0,Jet
1291,0,2274.0,2,143.0,Jet
1292,1.0,2275.0,1.0,142.0,Jet
1293,0,2274.0,2,143.0,Jet
1294,0,2274.0,2,143.0,Jet
1295,1.0,2275.0,1.0,142.0,Jet
1296,0,2274.0,2,143.0,Jet
1297,1.0,2275.0,1.0,142.0,Jet
1298,0,2274.0,2,143.0,Jet
1299,0,2274.0,2,143.0,Jet
1300,1.0,2275.0,1.0,142.0,Jet
1301,1.0,2275.0,1.0,142.0,Jet
1302,1.0,2275.0,1.0,142.0,Jet
1303,1.0,2275.0,1.0,142.0,Jet
1304,0,2274.0,2,143.0,Jet
1305,1.0,2275.0,1.0,142.0,Jet
1306,1.0,2275.0,1.0,142.0,Jet
1307,0,2274.0,2,143.0,Jet
1308,1.0,2275.0,1.0,142.0,Jet
1309,0,2274.0,2,143.0,Jet
1310,1.0,2275.0,1.0,142.0,Jet
1311,1.0,2275.0,1.0,142.0,Jet
1312,1.0,2275.0,1.0,142.0,Jet
1313,1.0,2275.0,1.0,142.0,Jet
1314,0,2274.0,2,143.0,Jet
1315,1.0,2275.0,1.0,142.0,Jet
1316,1.0,2275.0,1.0,142.0,Jet
1317,1.0,2275.0,1.0,142.0,Jet
1318,0,2274.0,2,143.0,Jet
1319,0,2274.0,2,143.0,Jet
1320,1.0,2275.0,1.0,142.0,Jet
1321,1.0,2275.0,1.0,142.0,Jet
1322,0,2274.0,2,143.0,Jet
1323,1.0,2275.0,1.0,142.0,Jet
1324,1.0,2275.0,1.0,142.0,Jet
1325,1.0,2275.0,1.0,142.0,Jet
1326,1.0,2275.0,1.0,142.0,Jet
1327,1.0,2275.0,1.0,142.0,Jet
1328,1.0,2275.0,1.0,142.0,Jet
1329,1.0,2275.0,1.0,142.0,Jet
1330,1.0,2275.0,1.0,142.0,Jet
1331,0,2274.0,2,143.0,Jet
1332,1.0,2275.0,1.0,142.0,Jet
1333,0,2274.0,2,143.0,Jet
1334,0,2274.0,2,143.0,Jet
1335,1.0,2275.0,1.0,142.0,Jet
1336,1.0,2275.0,1.0,142.0,Jet
1337,1.0,2275.0,1.0,142.0,Jet
1338,1.0,2275.0,1.0,142.0,Jet
1339,1.0,2275.0,1.0,142.0,Jet
1340,1.0,2275.0,1.0,142.0,Jet
1341,1.0,2275.0,1.0,142.0,Jet
1342,1.0,2275.0,1.0,142.0,Jet
1343,1.0,2275.0,1.0,142.0,Jet
1344,1.0,2275.0,1.0,142.0,Jet
1345,1.0,2275.0,1.0,142.0,Jet
1346,0,2274.0,2,143.0,Jet
1347,0,2274.0,2,143.0,Jet
1348,1.0,2275.0,1.0,142.0,Jet
1349,1.0,2275.0,1.0,142.0,Jet
1350,0,2274.0,2,143.0,Jet
1351,1.0,2275.0,1.0,142.0,Jet
1352,1.0,2275.0,1.0,142.0,Jet
1353,1.0,2275.0,1.0,142.0,Jet
1354,1.0,2275.0,1.0,142.0,Jet
1355,1.0,2275.0,1.0,142.0,Jet
1356,1.0,2275.0,1.0,142.0,Jet
1357,1.0,2275.0,1.0,142.0,Jet
1358,1.0,2275.0,1.0,142.0,Jet
1359,1.0,2275.0,1.0,142.0,Jet
1360,1.0,2275.0,1.0,142.0,Jet
1361,1.0,2275.0,1.0,142.0,Jet
1362,1.0,2275.0,1.0,142.0,Jet
1363,1.0,2275.0,1.0,142.0,Jet
1364,1.0,2275.0,1.0,142.0,Jet
1365,0,2274.0,2,143.0,Jet
1366,0,2274.0,2,143.0,Jet
1367,1.0,2275.0,1.0,142.0,Jet
1368,0,2274.0,2,143.0,Jet
1369,0,2274.0,2,143.0,Jet
1370,0,2274.0,2,143.0,Jet
1371,1.0,2275.0,1.0,142.0,Jet
1372,1.0,2275.0,1.0,142.0,Jet
1373,0,2274.0,2,143.0,Jet
1374,0,2274.0,2,143.0,Jet
1375,1.0,2275.0,1.0,142.0,Jet
1376,0,2274.0,2,143.0,Jet
1377,0,2274.0,2,143.0,Jet
1378,0,2274.0,2,143.0,Jet
1379,0,2274.0,2,143.0,Jet
1380,0,2274.0,2,143.0,Jet
1381,1.0,2275.0,1.0,142.0,Jet
1382,1.0,2275.0,1.0,142.0,Jet
1383,1.0,2275.0,1.0,142.0,Jet
1384,0,2393.0,2,24.0,Knife
1385,0,2393.0,2,24.0,Knife
1386,0,2393.0,2,24.0,Knife
1387,0,2393.0,2,24.0,Knife
1388,0,2393.0,2,24.0,Knife
1389,0,2393.0,2,24.0,Knife
1390,0,2393.0,2,24.0,Knife
1391,0,2393.0,2,24.0,Knife
1392,1.0,2394.0,1.0,23.0,Knife
1393,1.0,2394.0,1.0,23.0,Knife
1394,1.0,2394.0,1.0,23.0,Knife
1395,0,2393.0,2,24.0,Knife
1396,1.0,2394.0,1.0,23.0,Knife
1397,1.0,2394.0,1.0,23.0,Knife
1398,1.0,2394.0,1.0,23.0,Knife
1399,0,2393.0,2,24.0,Knife
1400,1.0,2394.0,1.0,23.0,Knife
1401,0,2393.0,2,24.0,Knife
1402,0,2393.0,2,24.0,Knife
1403,0,2393.0,2,24.0,Knife
1404,0,2393.0,2,24.0,Knife
1405,0,2393.0,2,24.0,Knife
1406,1.0,2394.0,1.0,23.0,Knife
1407,0,2393.0,2,24.0,Knife
1408,0,2397.0,2,20.0,MilitaryVehicle
1409,0,2397.0,2,20.0,MilitaryVehicle
1410,0,2397.0,2,20.0,MilitaryVehicle
1411,0,2397.0,2,20.0,MilitaryVehicle
1412,1.0,2398.0,1.0,19.0,MilitaryVehicle
1413,0,2397.0,2,20.0,MilitaryVehicle
1414,0,2397.0,2,20.0,MilitaryVehicle
1415,0,2397.0,2,20.0,MilitaryVehicle
1416,1.0,2398.0,1.0,19.0,MilitaryVehicle
1417,0,2397.0,2,20.0,MilitaryVehicle
1418,1.0,2398.0,1.0,19.0,MilitaryVehicle
1419,0,2397.0,2,20.0,MilitaryVehicle
1420,0,2397.0,2,20.0,MilitaryVehicle
1421,0,2397.0,2,20.0,MilitaryVehicle
1422,0,2397.0,2,20.0,MilitaryVehicle
1423,0,2397.0,2,20.0,MilitaryVehicle
1424,1.0,2398.0,1.0,19.0,MilitaryVehicle
1425,0,2397.0,2,20.0,MilitaryVehicle
1426,0,2397.0,2,20.0,MilitaryVehicle
1427,0,2397.0,2,20.0,MilitaryVehicle
1428,0,2397.0,2,20.0,Monitor
1429,0,2397.0,2,20.0,Monitor
1430,0,2397.0,2,20.0,Monitor
1431,0,2397.0,2,20.0,Monitor
1432,0,2397.0,2,20.0,Monitor
1433,1.0,2398.0,1.0,19.0,Monitor
1434,1.0,2398.0,1.0,19.0,Monitor
1435,0,2397.0,2,20.0,Monitor
1436,0,2397.0,2,20.0,Monitor
1437,0,2397.0,2,20.0,Monitor
1438,0,2397.0,2,20.0,Monitor
1439,0,2397.0,2,20.0,Monitor
1440,0,2397.0,2,20.0,Monitor
1441,0,2397.0,2,20.0,Monitor
1442,0,2397.0,2,20.0,Monitor
1443,0,2397.0,2,20.0,Monitor
1444,0,2397.0,2,20.0,Monitor
1445,0,2397.0,2,20.0,Monitor
1446,0,2397.0,2,20.0,Monitor
1447,0,2397.0,2,20.0,Monitor
1448,0,2397.0,2,20.0,Monoplane
1449,0,2397.0,2,20.0,Monoplane
1450,0,2397.0,2,20.0,Monoplane
1451,0,2397.0,2,20.0,Monoplane
1452,0,2397.0,2,20.0,Monoplane
1453,0,2397.0,2,20.0,Monoplane
1454,0,2397.0,2,20.0,Monoplane
1455,0,2397.0,2,20.0,Monoplane
1456,0,2397.0,2,20.0,Monoplane
1457,0,2397.0,2,20.0,Monoplane
1458,0,2397.0,2,20.0,Monoplane
1459,0,2397.0,2,20.0,Monoplane
1460,1.0,2398.0,1.0,19.0,Monoplane
1461,0,2397.0,2,20.0,Monoplane
1462,0,2397.0,2,20.0,Monoplane
1463,0,2397.0,2,20.0,Monoplane
1464,0,2397.0,2,20.0,Monoplane
1465,0,2397.0,2,20.0,Monoplane
1466,0,2397.0,2,20.0,Monoplane
1467,0,2397.0,2,20.0,Monoplane
1468,1.0,2392.0,1.0,25.0,Motorcycle
1469,0,2391.0,2,26.0,Motorcycle
1470,0,2391.0,2,26.0,Motorcycle
1471,1.0,2392.0,1.0,25.0,Motorcycle
1472,1.0,2392.0,1.0,25.0,Motorcycle
1473,1.0,2392.0,1.0,25.0,Motorcycle
1474,1.0,2392.0,1.0,25.0,Motorcycle
1475,0,2391.0,2,26.0,Motorcycle
1476,0,2391.0,2,26.0,Motorcycle
1477,0,2391.0,2,26.0,Motorcycle
1478,1.0,2392.0,1.0,25.0,Motorcycle
1479,0,2391.0,2,26.0,Motorcycle
1480,1.0,2392.0,1.0,25.0,Motorcycle
1481,1.0,2392.0,1.0,25.0,Motorcycle
1482,1.0,2392.0,1.0,25.0,Motorcycle
1483,0,2391.0,2,26.0,Motorcycle
1484,1.0,2392.0,1.0,25.0,Motorcycle
1485,1.0,2392.0,1.0,25.0,Motorcycle
1486,1.0,2392.0,1.0,25.0,Motorcycle
1487,1.0,2392.0,1.0,25.0,Motorcycle
1488,1.0,2392.0,1.0,25.0,Motorcycle
1489,1.0,2392.0,1.0,25.0,Motorcycle
1490,0,2391.0,2,26.0,Motorcycle
1491,1.0,2392.0,1.0,25.0,Motorcycle
1492,1.0,2392.0,1.0,25.0,Motorcycle
1493,0,2391.0,2,26.0,Motorcycle
1494,0,2391.0,2,26.0,Mug
1495,1.0,2392.0,1.0,25.0,Mug
1496,0,2391.0,2,26.0,Mug
1497,0,2391.0,2,26.0,Mug
1498,0,2391.0,2,26.0,Mug
1499,0,2391.0,2,26.0,Mug
1500,0,2391.0,2,26.0,Mug
1501,1.0,2392.0,1.0,25.0,Mug
1502,0,2391.0,2,26.0,Mug
1503,0,2391.0,2,26.0,Mug
1504,0,2391.0,2,26.0,Mug
1505,1.0,2392.0,1.0,25.0,Mug
1506,0,2391.0,2,26.0,Mug
1507,0,2391.0,2,26.0,Mug
1508,0,2391.0,2,26.0,Mug
1509,1.0,2392.0,1.0,25.0,Mug
1510,0,2391.0,2,26.0,Mug
1511,1.0,2392.0,1.0,25.0,Mug
1512,0,2391.0,2,26.0,Mug
1513,0,2391.0,2,26.0,Mug
1514,1.0,2392.0,1.0,25.0,Mug
1515,1.0,2392.0,1.0,25.0,Mug
1516,0,2391.0,2,26.0,Mug
1517,0,2391.0,2,26.0,Mug
1518,0,2391.0,2,26.0,Mug
1519,0,2391.0,2,26.0,Mug
1520,0,2372.0,2,45.0,MultiSeat
1521,0,2372.0,2,45.0,MultiSeat
1522,1.0,2373.0,1.0,44.0,MultiSeat
1523,1.0,2373.0,1.0,44.0,MultiSeat
1524,1.0,2373.0,1.0,44.0,MultiSeat
1525,0,2372.0,2,45.0,MultiSeat
1526,1.0,2373.0,1.0,44.0,MultiSeat
1527,1.0,2373.0,1.0,44.0,MultiSeat
1528,0,2372.0,2,45.0,MultiSeat
1529,1.0,2373.0,1.0,44.0,MultiSeat
1530,0,2372.0,2,45.0,MultiSeat
1531,1.0,2373.0,1.0,44.0,MultiSeat
1532,1.0,2373.0,1.0,44.0,MultiSeat
1533,1.0,2373.0,1.0,44.0,MultiSeat
1534,1.0,2373.0,1.0,44.0,MultiSeat
1535,1.0,2373.0,1.0,44.0,MultiSeat
1536,0,2372.0,2,45.0,MultiSeat
1537,0,2372.0,2,45.0,MultiSeat
1538,0,2372.0,2,45.0,MultiSeat
1539,0,2372.0,2,45.0,MultiSeat
1540,0,2372.0,2,45.0,MultiSeat
1541,0,2372.0,2,45.0,MultiSeat
1542,0,2372.0,2,45.0,MultiSeat
1543,0,2372.0,2,45.0,MultiSeat
1544,0,2372.0,2,45.0,MultiSeat
1545,0,2372.0,2,45.0,MultiSeat
1546,0,2372.0,2,45.0,MultiSeat
1547,1.0,2373.0,1.0,44.0,MultiSeat
1548,0,2372.0,2,45.0,MultiSeat
1549,0,2372.0,2,45.0,MultiSeat
1550,0,2372.0,2,45.0,MultiSeat
1551,0,2372.0,2,45.0,MultiSeat
1552,0,2372.0,2,45.0,MultiSeat
1553,1.0,2373.0,1.0,44.0,MultiSeat
1554,1.0,2373.0,1.0,44.0,MultiSeat
1555,1.0,2373.0,1.0,44.0,MultiSeat
1556,0,2372.0,2,45.0,MultiSeat
1557,0,2372.0,2,45.0,MultiSeat
1558,0,2372.0,2,45.0,MultiSeat
1559,0,2372.0,2,45.0,MultiSeat
1560,0,2372.0,2,45.0,MultiSeat
1561,0,2372.0,2,45.0,MultiSeat
1562,0,2372.0,2,45.0,MultiSeat
1563,0,2372.0,2,45.0,MultiSeat
1564,1.0,2373.0,1.0,44.0,MultiSeat
1565,1.0,2397.0,1.0,20.0,Musical_Instrument
1566,0,2396.0,2,21.0,Musical_Instrument
1567,0,2396.0,2,21.0,Musical_Instrument
1568,0,2396.0,2,21.0,Musical_Instrument
1569,0,2396.0,2,21.0,Musical_Instrument
1570,1.0,2397.0,1.0,20.0,Musical_Instrument
1571,0,2396.0,2,21.0,Musical_Instrument
1572,0,2396.0,2,21.0,Musical_Instrument
1573,0,2396.0,2,21.0,Musical_Instrument
1574,0,2396.0,2,21.0,Musical_Instrument
1575,0,2396.0,2,21.0,Musical_Instrument
1576,0,2396.0,2,21.0,Musical_Instrument
1577,0,2396.0,2,21.0,Musical_Instrument
1578,1.0,2397.0,1.0,20.0,Musical_Instrument
1579,0,2396.0,2,21.0,Musical_Instrument
1580,0,2396.0,2,21.0,Musical_Instrument
1581,0,2396.0,2,21.0,Musical_Instrument
1582,0,2396.0,2,21.0,Musical_Instrument
1583,0,2396.0,2,21.0,Musical_Instrument
1584,0,2396.0,2,21.0,Musical_Instrument
1585,0,2396.0,2,21.0,Musical_Instrument
1586,0,2357.0,2,60.0,NonWheelChair
1587,0,2357.0,2,60.0,NonWheelChair
1588,1.0,2358.0,1.0,59.0,NonWheelChair
1589,1.0,2358.0,1.0,59.0,NonWheelChair
1590,1.0,2358.0,1.0,59.0,NonWheelChair
1591,0,2357.0,2,60.0,NonWheelChair
1592,0,2357.0,2,60.0,NonWheelChair
1593,1.0,2358.0,1.0,59.0,NonWheelChair
1594,1.0,2358.0,1.0,59.0,NonWheelChair
1595,1.0,2358.0,1.0,59.0,NonWheelChair
1596,0,2357.0,2,60.0,NonWheelChair
1597,1.0,2358.0,1.0,59.0,NonWheelChair
1598,1.0,2358.0,1.0,59.0,NonWheelChair
1599,0,2357.0,2,60.0,NonWheelChair
1600,1.0,2358.0,1.0,59.0,NonWheelChair
1601,1.0,2358.0,1.0,59.0,NonWheelChair
1602,0,2357.0,2,60.0,NonWheelChair
1603,0,2357.0,2,60.0,NonWheelChair
1604,0,2357.0,2,60.0,NonWheelChair
1605,1.0,2358.0,1.0,59.0,NonWheelChair
1606,1.0,2358.0,1.0,59.0,NonWheelChair
1607,0,2357.0,2,60.0,NonWheelChair
1608,0,2357.0,2,60.0,NonWheelChair
1609,0,2357.0,2,60.0,NonWheelChair
1610,0,2357.0,2,60.0,NonWheelChair
1611,0,2357.0,2,60.0,NonWheelChair
1612,0,2357.0,2,60.0,NonWheelChair
1613,0,2357.0,2,60.0,NonWheelChair
1614,0,2357.0,2,60.0,NonWheelChair
1615,0,2357.0,2,60.0,NonWheelChair
1616,0,2357.0,2,60.0,NonWheelChair
1617,0,2357.0,2,60.0,NonWheelChair
1618,0,2357.0,2,60.0,NonWheelChair
1619,1.0,2358.0,1.0,59.0,NonWheelChair
1620,1.0,2358.0,1.0,59.0,NonWheelChair
1621,0,2357.0,2,60.0,NonWheelChair
1622,0,2357.0,2,60.0,NonWheelChair
1623,0,2357.0,2,60.0,NonWheelChair
1624,0,2357.0,2,60.0,NonWheelChair
1625,1.0,2358.0,1.0,59.0,NonWheelChair
1626,1.0,2358.0,1.0,59.0,NonWheelChair
1627,0,2357.0,2,60.0,NonWheelChair
1628,1.0,2358.0,1.0,59.0,NonWheelChair
1629,1.0,2358.0,1.0,59.0,NonWheelChair
1630,1.0,2358.0,1.0,59.0,NonWheelChair
1631,1.0,2358.0,1.0,59.0,NonWheelChair
1632,1.0,2358.0,1.0,59.0,NonWheelChair
1633,1.0,2358.0,1.0,59.0,NonWheelChair
1634,1.0,2358.0,1.0,59.0,NonWheelChair
1635,1.0,2358.0,1.0,59.0,NonWheelChair
1636,1.0,2358.0,1.0,59.0,NonWheelChair
1637,1.0,2358.0,1.0,59.0,NonWheelChair
1638,1.0,2358.0,1.0,59.0,NonWheelChair
1639,1.0,2358.0,1.0,59.0,NonWheelChair
1640,0,2357.0,2,60.0,NonWheelChair
1641,1.0,2358.0,1.0,59.0,NonWheelChair
1642,1.0,2358.0,1.0,59.0,NonWheelChair
1643,0,2357.0,2,60.0,NonWheelChair
1644,0,2357.0,2,60.0,NonWheelChair
1645,1.0,2358.0,1.0,59.0,NonWheelChair
1646,0,2402.0,2,15.0,PianoBoard
1647,1.0,2403.0,1.0,14.0,PianoBoard
1648,0,2402.0,2,15.0,PianoBoard
1649,0,2402.0,2,15.0,PianoBoard
1650,0,2402.0,2,15.0,PianoBoard
1651,0,2402.0,2,15.0,PianoBoard
1652,0,2402.0,2,15.0,PianoBoard
1653,1.0,2403.0,1.0,14.0,PianoBoard
1654,0,2402.0,2,15.0,PianoBoard
1655,0,2402.0,2,15.0,PianoBoard
1656,0,2402.0,2,15.0,PianoBoard
1657,1.0,2403.0,1.0,14.0,PianoBoard
1658,1.0,2403.0,1.0,14.0,PianoBoard
1659,0,2402.0,2,15.0,PianoBoard
1660,0,2402.0,2,15.0,PianoBoard
1661,1.0,2353.0,1.0,64.0,PlantIndoors
1662,1.0,2353.0,1.0,64.0,PlantIndoors
1663,0,2352.0,2,65.0,PlantIndoors
1664,0,2352.0,2,65.0,PlantIndoors
1665,1.0,2353.0,1.0,64.0,PlantIndoors
1666,0,2352.0,2,65.0,PlantIndoors
1667,1.0,2353.0,1.0,64.0,PlantIndoors
1668,1.0,2353.0,1.0,64.0,PlantIndoors
1669,1.0,2353.0,1.0,64.0,PlantIndoors
1670,0,2352.0,2,65.0,PlantIndoors
1671,1.0,2353.0,1.0,64.0,PlantIndoors
1672,1.0,2353.0,1.0,64.0,PlantIndoors
1673,1.0,2353.0,1.0,64.0,PlantIndoors
1674,1.0,2353.0,1.0,64.0,PlantIndoors
1675,0,2352.0,2,65.0,PlantIndoors
1676,0,2352.0,2,65.0,PlantIndoors
1677,0,2352.0,2,65.0,PlantIndoors
1678,1.0,2353.0,1.0,64.0,PlantIndoors
1679,0,2352.0,2,65.0,PlantIndoors
1680,1.0,2353.0,1.0,64.0,PlantIndoors
1681,0,2352.0,2,65.0,PlantIndoors
1682,0,2352.0,2,65.0,PlantIndoors
1683,0,2352.0,2,65.0,PlantIndoors
1684,1.0,2353.0,1.0,64.0,PlantIndoors
1685,0,2352.0,2,65.0,PlantIndoors
1686,0,2352.0,2,65.0,PlantIndoors
1687,0,2352.0,2,65.0,PlantIndoors
1688,0,2352.0,2,65.0,PlantIndoors
1689,0,2352.0,2,65.0,PlantIndoors
1690,1.0,2353.0,1.0,64.0,PlantIndoors
1691,0,2352.0,2,65.0,PlantIndoors
1692,0,2352.0,2,65.0,PlantIndoors
1693,1.0,2353.0,1.0,64.0,PlantIndoors
1694,1.0,2353.0,1.0,64.0,PlantIndoors
1695,1.0,2353.0,1.0,64.0,PlantIndoors
1696,0,2352.0,2,65.0,PlantIndoors
1697,0,2352.0,2,65.0,PlantIndoors
1698,0,2352.0,2,65.0,PlantIndoors
1699,0,2352.0,2,65.0,PlantIndoors
1700,0,2352.0,2,65.0,PlantIndoors
1701,0,2352.0,2,65.0,PlantIndoors
1702,0,2352.0,2,65.0,PlantIndoors
1703,1.0,2353.0,1.0,64.0,PlantIndoors
1704,1.0,2353.0,1.0,64.0,PlantIndoors
1705,1.0,2353.0,1.0,64.0,PlantIndoors
1706,0,2352.0,2,65.0,PlantIndoors
1707,0,2352.0,2,65.0,PlantIndoors
1708,0,2352.0,2,65.0,PlantIndoors
1709,0,2352.0,2,65.0,PlantIndoors
1710,0,2352.0,2,65.0,PlantIndoors
1711,0,2352.0,2,65.0,PlantIndoors
1712,0,2352.0,2,65.0,PlantIndoors
1713,0,2352.0,2,65.0,PlantIndoors
1714,0,2352.0,2,65.0,PlantIndoors
1715,0,2352.0,2,65.0,PlantIndoors
1716,0,2352.0,2,65.0,PlantIndoors
1717,0,2352.0,2,65.0,PlantIndoors
1718,0,2352.0,2,65.0,PlantIndoors
1719,0,2352.0,2,65.0,PlantIndoors
1720,1.0,2353.0,1.0,64.0,PlantIndoors
1721,0,2352.0,2,65.0,PlantIndoors
1722,1.0,2353.0,1.0,64.0,PlantIndoors
1723,0,2352.0,2,65.0,PlantIndoors
1724,1.0,2353.0,1.0,64.0,PlantIndoors
1725,1.0,2353.0,1.0,64.0,PlantIndoors
1726,0,2390.0,2,27.0,PlantWildNonTree
1727,0,2390.0,2,27.0,PlantWildNonTree
1728,0,2390.0,2,27.0,PlantWildNonTree
1729,0,2390.0,2,27.0,PlantWildNonTree
1730,0,2390.0,2,27.0,PlantWildNonTree
1731,0,2390.0,2,27.0,PlantWildNonTree
1732,0,2390.0,2,27.0,PlantWildNonTree
1733,0,2390.0,2,27.0,PlantWildNonTree
1734,0,2390.0,2,27.0,PlantWildNonTree
1735,0,2390.0,2,27.0,PlantWildNonTree
1736,0,2390.0,2,27.0,PlantWildNonTree
1737,0,2390.0,2,27.0,PlantWildNonTree
1738,0,2390.0,2,27.0,PlantWildNonTree
1739,0,2390.0,2,27.0,PlantWildNonTree
1740,0,2390.0,2,27.0,PlantWildNonTree
1741,0,2390.0,2,27.0,PlantWildNonTree
1742,0,2390.0,2,27.0,PlantWildNonTree
1743,0,2390.0,2,27.0,PlantWildNonTree
1744,0,2390.0,2,27.0,PlantWildNonTree
1745,0,2390.0,2,27.0,PlantWildNonTree
1746,0,2390.0,2,27.0,PlantWildNonTree
1747,0,2390.0,2,27.0,PlantWildNonTree
1748,1.0,2391.0,1.0,26.0,PlantWildNonTree
1749,0,2390.0,2,27.0,PlantWildNonTree
1750,0,2390.0,2,27.0,PlantWildNonTree
1751,1.0,2391.0,1.0,26.0,PlantWildNonTree
1752,0,2390.0,2,27.0,PlantWildNonTree
1753,0,2361.0,2,56.0,Quadruped
1754,0,2361.0,2,56.0,Quadruped
1755,0,2361.0,2,56.0,Quadruped
1756,1.0,2362.0,1.0,55.0,Quadruped
1757,1.0,2362.0,1.0,55.0,Quadruped
1758,1.0,2362.0,1.0,55.0,Quadruped
1759,1.0,2362.0,1.0,55.0,Quadruped
1760,1.0,2362.0,1.0,55.0,Quadruped
1761,1.0,2362.0,1.0,55.0,Quadruped
1762,1.0,2362.0,1.0,55.0,Quadruped
1763,0,2361.0,2,56.0,Quadruped
1764,1.0,2362.0,1.0,55.0,Quadruped
1765,1.0,2362.0,1.0,55.0,Quadruped
1766,1.0,2362.0,1.0,55.0,Quadruped
1767,1.0,2362.0,1.0,55.0,Quadruped
1768,0,2361.0,2,56.0,Quadruped
1769,1.0,2362.0,1.0,55.0,Quadruped
1770,0,2361.0,2,56.0,Quadruped
1771,0,2361.0,2,56.0,Quadruped
1772,1.0,2362.0,1.0,55.0,Quadruped
1773,0,2361.0,2,56.0,Quadruped
1774,0,2361.0,2,56.0,Quadruped
1775,0,2361.0,2,56.0,Quadruped
1776,0,2361.0,2,56.0,Quadruped
1777,1.0,2362.0,1.0,55.0,Quadruped
1778,1.0,2362.0,1.0,55.0,Quadruped
1779,0,2361.0,2,56.0,Quadruped
1780,1.0,2362.0,1.0,55.0,Quadruped
1781,1.0,2362.0,1.0,55.0,Quadruped
1782,0,2361.0,2,56.0,Quadruped
1783,0,2361.0,2,56.0,Quadruped
1784,0,2361.0,2,56.0,Quadruped
1785,0,2361.0,2,56.0,Quadruped
1786,0,2361.0,2,56.0,Quadruped
1787,0,2361.0,2,56.0,Quadruped
1788,0,2361.0,2,56.0,Quadruped
1789,0,2361.0,2,56.0,Quadruped
1790,0,2361.0,2,56.0,Quadruped
1791,0,2361.0,2,56.0,Quadruped
1792,0,2361.0,2,56.0,Quadruped
1793,1.0,2362.0,1.0,55.0,Quadruped
1794,0,2361.0,2,56.0,Quadruped
1795,0,2361.0,2,56.0,Quadruped
1796,0,2361.0,2,56.0,Quadruped
1797,0,2361.0,2,56.0,Quadruped
1798,1.0,2362.0,1.0,55.0,Quadruped
1799,0,2361.0,2,56.0,Quadruped
1800,1.0,2362.0,1.0,55.0,Quadruped
1801,1.0,2362.0,1.0,55.0,Quadruped
1802,1.0,2362.0,1.0,55.0,Quadruped
1803,0,2361.0,2,56.0,Quadruped
1804,0,2361.0,2,56.0,Quadruped
1805,0,2361.0,2,56.0,Quadruped
1806,0,2361.0,2,56.0,Quadruped
1807,1.0,2362.0,1.0,55.0,Quadruped
1808,0,2361.0,2,56.0,Quadruped
1809,1.0,2356.0,1.0,61.0,RectangleTable
1810,1.0,2356.0,1.0,61.0,RectangleTable
1811,0,2355.0,2,62.0,RectangleTable
1812,1.0,2356.0,1.0,61.0,RectangleTable
1813,0,2355.0,2,62.0,RectangleTable
1814,0,2355.0,2,62.0,RectangleTable
1815,1.0,2356.0,1.0,61.0,RectangleTable
1816,0,2355.0,2,62.0,RectangleTable
1817,0,2355.0,2,62.0,RectangleTable
1818,0,2355.0,2,62.0,RectangleTable
1819,1.0,2356.0,1.0,61.0,RectangleTable
1820,0,2355.0,2,62.0,RectangleTable
1821,0,2355.0,2,62.0,RectangleTable
1822,0,2355.0,2,62.0,RectangleTable
1823,0,2355.0,2,62.0,RectangleTable
1824,0,2355.0,2,62.0,RectangleTable
1825,0,2355.0,2,62.0,RectangleTable
1826,0,2355.0,2,62.0,RectangleTable
1827,1.0,2356.0,1.0,61.0,RectangleTable
1828,0,2355.0,2,62.0,RectangleTable
1829,0,2355.0,2,62.0,RectangleTable
1830,0,2355.0,2,62.0,RectangleTable
1831,0,2355.0,2,62.0,RectangleTable
1832,0,2355.0,2,62.0,RectangleTable
1833,0,2355.0,2,62.0,RectangleTable
1834,0,2355.0,2,62.0,RectangleTable
1835,0,2355.0,2,62.0,RectangleTable
1836,0,2355.0,2,62.0,RectangleTable
1837,1.0,2356.0,1.0,61.0,RectangleTable
1838,0,2355.0,2,62.0,RectangleTable
1839,0,2355.0,2,62.0,RectangleTable
1840,0,2355.0,2,62.0,RectangleTable
1841,1.0,2356.0,1.0,61.0,RectangleTable
1842,0,2355.0,2,62.0,RectangleTable
1843,0,2355.0,2,62.0,RectangleTable
1844,0,2355.0,2,62.0,RectangleTable
1845,0,2355.0,2,62.0,RectangleTable
1846,0,2355.0,2,62.0,RectangleTable
1847,0,2355.0,2,62.0,RectangleTable
1848,0,2355.0,2,62.0,RectangleTable
1849,0,2355.0,2,62.0,RectangleTable
1850,0,2355.0,2,62.0,RectangleTable
1851,0,2355.0,2,62.0,RectangleTable
1852,0,2355.0,2,62.0,RectangleTable
1853,1.0,2356.0,1.0,61.0,RectangleTable
1854,0,2355.0,2,62.0,RectangleTable
1855,1.0,2356.0,1.0,61.0,RectangleTable
1856,1.0,2356.0,1.0,61.0,RectangleTable
1857,0,2355.0,2,62.0,RectangleTable
1858,1.0,2356.0,1.0,61.0,RectangleTable
1859,0,2355.0,2,62.0,RectangleTable
1860,0,2355.0,2,62.0,RectangleTable
1861,0,2355.0,2,62.0,RectangleTable
1862,1.0,2356.0,1.0,61.0,RectangleTable
1863,0,2355.0,2,62.0,RectangleTable
1864,1.0,2356.0,1.0,61.0,RectangleTable
1865,1.0,2356.0,1.0,61.0,RectangleTable
1866,0,2355.0,2,62.0,RectangleTable
1867,0,2355.0,2,62.0,RectangleTable
1868,1.0,2356.0,1.0,61.0,RectangleTable
1869,1.0,2356.0,1.0,61.0,RectangleTable
1870,1.0,2356.0,1.0,61.0,RectangleTable
1871,0,2397.0,2,20.0,Rocket
1872,1.0,2398.0,1.0,19.0,Rocket
1873,1.0,2398.0,1.0,19.0,Rocket
1874,0,2397.0,2,20.0,Rocket
1875,1.0,2398.0,1.0,19.0,Rocket
1876,1.0,2398.0,1.0,19.0,Rocket
1877,0,2397.0,2,20.0,Rocket
1878,0,2397.0,2,20.0,Rocket
1879,1.0,2398.0,1.0,19.0,Rocket
1880,0,2397.0,2,20.0,Rocket
1881,0,2397.0,2,20.0,Rocket
1882,0,2397.0,2,20.0,Rocket
1883,0,2397.0,2,20.0,Rocket
1884,0,2397.0,2,20.0,Rocket
1885,0,2397.0,2,20.0,Rocket
1886,0,2397.0,2,20.0,Rocket
1887,0,2397.0,2,20.0,Rocket
1888,1.0,2398.0,1.0,19.0,Rocket
1889,0,2397.0,2,20.0,Rocket
1890,0,2397.0,2,20.0,Rocket
1891,0,2380.0,2,37.0,RoundTable
1892,0,2380.0,2,37.0,RoundTable
1893,0,2380.0,2,37.0,RoundTable
1894,0,2380.0,2,37.0,RoundTable
1895,1.0,2381.0,1.0,36.0,RoundTable
1896,0,2380.0,2,37.0,RoundTable
1897,1.0,2381.0,1.0,36.0,RoundTable
1898,1.0,2381.0,1.0,36.0,RoundTable
1899,0,2380.0,2,37.0,RoundTable
1900,0,2380.0,2,37.0,RoundTable
1901,0,2380.0,2,37.0,RoundTable
1902,0,2380.0,2,37.0,RoundTable
1903,1.0,2381.0,1.0,36.0,RoundTable
1904,0,2380.0,2,37.0,RoundTable
1905,1.0,2381.0,1.0,36.0,RoundTable
1906,0,2380.0,2,37.0,RoundTable
1907,0,2380.0,2,37.0,RoundTable
1908,0,2380.0,2,37.0,RoundTable
1909,0,2380.0,2,37.0,RoundTable
1910,0,2380.0,2,37.0,RoundTable
1911,1.0,2381.0,1.0,36.0,RoundTable
1912,0,2380.0,2,37.0,RoundTable
1913,1.0,2381.0,1.0,36.0,RoundTable
1914,1.0,2381.0,1.0,36.0,RoundTable
1915,1.0,2381.0,1.0,36.0,RoundTable
1916,0,2380.0,2,37.0,RoundTable
1917,1.0,2381.0,1.0,36.0,RoundTable
1918,1.0,2381.0,1.0,36.0,RoundTable
1919,1.0,2381.0,1.0,36.0,RoundTable
1920,0,2380.0,2,37.0,RoundTable
1921,1.0,2381.0,1.0,36.0,RoundTable
1922,1.0,2381.0,1.0,36.0,RoundTable
1923,1.0,2381.0,1.0,36.0,RoundTable
1924,1.0,2381.0,1.0,36.0,RoundTable
1925,1.0,2381.0,1.0,36.0,RoundTable
1926,0,2380.0,2,37.0,RoundTable
1927,0,2380.0,2,37.0,RoundTable
1928,1.0,2375.0,1.0,42.0,Shelf
1929,1.0,2375.0,1.0,42.0,Shelf
1930,0,2374.0,2,43.0,Shelf
1931,1.0,2375.0,1.0,42.0,Shelf
1932,1.0,2375.0,1.0,42.0,Shelf
1933,0,2374.0,2,43.0,Shelf
1934,0,2374.0,2,43.0,Shelf
1935,1.0,2375.0,1.0,42.0,Shelf
1936,0,2374.0,2,43.0,Shelf
1937,1.0,2375.0,1.0,42.0,Shelf
1938,0,2374.0,2,43.0,Shelf
1939,0,2374.0,2,43.0,Shelf
1940,0,2374.0,2,43.0,Shelf
1941,1.0,2375.0,1.0,42.0,Shelf
1942,1.0,2375.0,1.0,42.0,Shelf
1943,1.0,2375.0,1.0,42.0,Shelf
1944,0,2374.0,2,43.0,Shelf
1945,1.0,2375.0,1.0,42.0,Shelf
1946,0,2374.0,2,43.0,Shelf
1947,1.0,2375.0,1.0,42.0,Shelf
1948,1.0,2375.0,1.0,42.0,Shelf
1949,0,2374.0,2,43.0,Shelf
1950,0,2374.0,2,43.0,Shelf
1951,1.0,2375.0,1.0,42.0,Shelf
1952,1.0,2375.0,1.0,42.0,Shelf
1953,1.0,2375.0,1.0,42.0,Shelf
1954,0,2374.0,2,43.0,Shelf
1955,1.0,2375.0,1.0,42.0,Shelf
1956,1.0,2375.0,1.0,42.0,Shelf
1957,1.0,2375.0,1.0,42.0,Shelf
1958,0,2374.0,2,43.0,Shelf
1959,0,2374.0,2,43.0,Shelf
1960,0,2374.0,2,43.0,Shelf
1961,0,2374.0,2,43.0,Shelf
1962,0,2374.0,2,43.0,Shelf
1963,0,2374.0,2,43.0,Shelf
1964,0,2374.0,2,43.0,Shelf
1965,0,2374.0,2,43.0,Shelf
1966,0,2374.0,2,43.0,Shelf
1967,0,2374.0,2,43.0,Shelf
1968,0,2374.0,2,43.0,Shelf
1969,0,2374.0,2,43.0,Shelf
1970,0,2374.0,2,43.0,Shelf
1971,1.0,2357.0,1.0,60.0,Ship
1972,0,2356.0,2,61.0,Ship
1973,0,2356.0,2,61.0,Ship
1974,0,2356.0,2,61.0,Ship
1975,1.0,2357.0,1.0,60.0,Ship
1976,0,2356.0,2,61.0,Ship
1977,1.0,2357.0,1.0,60.0,Ship
1978,0,2356.0,2,61.0,Ship
1979,0,2356.0,2,61.0,Ship
1980,0,2356.0,2,61.0,Ship
1981,1.0,2357.0,1.0,60.0,Ship
1982,1.0,2357.0,1.0,60.0,Ship
1983,0,2356.0,2,61.0,Ship
1984,1.0,2357.0,1.0,60.0,Ship
1985,0,2356.0,2,61.0,Ship
1986,1.0,2357.0,1.0,60.0,Ship
1987,0,2356.0,2,61.0,Ship
1988,0,2356.0,2,61.0,Ship
1989,0,2356.0,2,61.0,Ship
1990,0,2356.0,2,61.0,Ship
1991,1.0,2357.0,1.0,60.0,Ship
1992,1.0,2357.0,1.0,60.0,Ship
1993,1.0,2357.0,1.0,60.0,Ship
1994,0,2356.0,2,61.0,Ship
1995,1.0,2357.0,1.0,60.0,Ship
1996,1.0,2357.0,1.0,60.0,Ship
1997,0,2356.0,2,61.0,Ship
1998,0,2356.0,2,61.0,Ship
1999,0,2356.0,2,61.0,Ship
2000,1.0,2357.0,1.0,60.0,Ship
2001,1.0,2357.0,1.0,60.0,Ship
2002,0,2356.0,2,61.0,Ship
2003,1.0,2357.0,1.0,60.0,Ship
2004,0,2356.0,2,61.0,Ship
2005,0,2356.0,2,61.0,Ship
2006,1.0,2357.0,1.0,60.0,Ship
2007,0,2356.0,2,61.0,Ship
2008,1.0,2357.0,1.0,60.0,Ship
2009,0,2356.0,2,61.0,Ship
2010,0,2356.0,2,61.0,Ship
2011,0,2356.0,2,61.0,Ship
2012,0,2356.0,2,61.0,Ship
2013,0,2356.0,2,61.0,Ship
2014,0,2356.0,2,61.0,Ship
2015,0,2356.0,2,61.0,Ship
2016,0,2356.0,2,61.0,Ship
2017,0,2356.0,2,61.0,Ship
2018,0,2356.0,2,61.0,Ship
2019,0,2356.0,2,61.0,Ship
2020,0,2356.0,2,61.0,Ship
2021,0,2356.0,2,61.0,Ship
2022,1.0,2357.0,1.0,60.0,Ship
2023,0,2356.0,2,61.0,Ship
2024,0,2356.0,2,61.0,Ship
2025,0,2356.0,2,61.0,Ship
2026,1.0,2357.0,1.0,60.0,Ship
2027,1.0,2357.0,1.0,60.0,Ship
2028,0,2356.0,2,61.0,Ship
2029,0,2356.0,2,61.0,Ship
2030,1.0,2357.0,1.0,60.0,Ship
2031,0,2356.0,2,61.0,Ship
2032,0,2403.0,2,14.0,Sign
2033,0,2403.0,2,14.0,Sign
2034,0,2403.0,2,14.0,Sign
2035,0,2403.0,2,14.0,Sign
2036,0,2403.0,2,14.0,Sign
2037,0,2403.0,2,14.0,Sign
2038,0,2403.0,2,14.0,Sign
2039,0,2403.0,2,14.0,Sign
2040,0,2403.0,2,14.0,Sign
2041,0,2403.0,2,14.0,Sign
2042,0,2403.0,2,14.0,Sign
2043,0,2403.0,2,14.0,Sign
2044,0,2403.0,2,14.0,Sign
2045,0,2403.0,2,14.0,Sign
2046,0,2397.0,2,20.0,Skyscraper
2047,0,2397.0,2,20.0,Skyscraper
2048,0,2397.0,2,20.0,Skyscraper
2049,0,2397.0,2,20.0,Skyscraper
2050,0,2397.0,2,20.0,Skyscraper
2051,1.0,2398.0,1.0,19.0,Skyscraper
2052,0,2397.0,2,20.0,Skyscraper
2053,0,2397.0,2,20.0,Skyscraper
2054,0,2397.0,2,20.0,Skyscraper
2055,0,2397.0,2,20.0,Skyscraper
2056,0,2397.0,2,20.0,Skyscraper
2057,0,2397.0,2,20.0,Skyscraper
2058,0,2397.0,2,20.0,Skyscraper
2059,0,2397.0,2,20.0,Skyscraper
2060,0,2397.0,2,20.0,Skyscraper
2061,0,2397.0,2,20.0,Skyscraper
2062,0,2397.0,2,20.0,Skyscraper
2063,0,2397.0,2,20.0,Skyscraper
2064,0,2397.0,2,20.0,Skyscraper
2065,0,2397.0,2,20.0,Skyscraper
2066,1.0,2398.0,1.0,19.0,Spoon
2067,0,2397.0,2,20.0,Spoon
2068,0,2397.0,2,20.0,Spoon
2069,0,2397.0,2,20.0,Spoon
2070,0,2397.0,2,20.0,Spoon
2071,0,2397.0,2,20.0,Spoon
2072,1.0,2398.0,1.0,19.0,Spoon
2073,0,2397.0,2,20.0,Spoon
2074,1.0,2398.0,1.0,19.0,Spoon
2075,0,2397.0,2,20.0,Spoon
2076,0,2397.0,2,20.0,Spoon
2077,1.0,2398.0,1.0,19.0,Spoon
2078,0,2397.0,2,20.0,Spoon
2079,0,2397.0,2,20.0,Spoon
2080,0,2397.0,2,20.0,Spoon
2081,0,2397.0,2,20.0,Spoon
2082,0,2397.0,2,20.0,Spoon
2083,0,2397.0,2,20.0,Spoon
2084,0,2397.0,2,20.0,Spoon
2085,0,2397.0,2,20.0,Spoon
2086,0,2387.0,2,30.0,Starship
2087,1.0,2388.0,1.0,29.0,Starship
2088,1.0,2388.0,1.0,29.0,Starship
2089,1.0,2388.0,1.0,29.0,Starship
2090,1.0,2388.0,1.0,29.0,Starship
2091,1.0,2388.0,1.0,29.0,Starship
2092,0,2387.0,2,30.0,Starship
2093,0,2387.0,2,30.0,Starship
2094,0,2387.0,2,30.0,Starship
2095,0,2387.0,2,30.0,Starship
2096,1.0,2388.0,1.0,29.0,Starship
2097,0,2387.0,2,30.0,Starship
2098,0,2387.0,2,30.0,Starship
2099,0,2387.0,2,30.0,Starship
2100,0,2387.0,2,30.0,Starship
2101,0,2387.0,2,30.0,Starship
2102,1.0,2388.0,1.0,29.0,Starship
2103,0,2387.0,2,30.0,Starship
2104,0,2387.0,2,30.0,Starship
2105,0,2387.0,2,30.0,Starship
2106,1.0,2388.0,1.0,29.0,Starship
2107,0,2387.0,2,30.0,Starship
2108,0,2387.0,2,30.0,Starship
2109,0,2387.0,2,30.0,Starship
2110,1.0,2388.0,1.0,29.0,Starship
2111,0,2387.0,2,30.0,Starship
2112,0,2387.0,2,30.0,Starship
2113,0,2387.0,2,30.0,Starship
2114,1.0,2388.0,1.0,29.0,Starship
2115,0,2387.0,2,30.0,Starship
2116,0,2398.0,2,19.0,SubmachineGun
2117,0,2398.0,2,19.0,SubmachineGun
2118,0,2398.0,2,19.0,SubmachineGun
2119,0,2398.0,2,19.0,SubmachineGun
2120,0,2398.0,2,19.0,SubmachineGun
2121,1.0,2399.0,1.0,18.0,SubmachineGun
2122,0,2398.0,2,19.0,SubmachineGun
2123,0,2398.0,2,19.0,SubmachineGun
2124,0,2398.0,2,19.0,SubmachineGun
2125,1.0,2399.0,1.0,18.0,SubmachineGun
2126,1.0,2399.0,1.0,18.0,SubmachineGun
2127,0,2398.0,2,19.0,SubmachineGun
2128,0,2398.0,2,19.0,SubmachineGun
2129,0,2398.0,2,19.0,SubmachineGun
2130,0,2398.0,2,19.0,SubmachineGun
2131,1.0,2399.0,1.0,18.0,SubmachineGun
2132,0,2398.0,2,19.0,SubmachineGun
2133,0,2398.0,2,19.0,SubmachineGun
2134,1.0,2399.0,1.0,18.0,SubmachineGun
2135,1.0,2366.0,1.0,51.0,Sword
2136,1.0,2366.0,1.0,51.0,Sword
2137,1.0,2366.0,1.0,51.0,Sword
2138,0,2365.0,2,52.0,Sword
2139,1.0,2366.0,1.0,51.0,Sword
2140,0,2365.0,2,52.0,Sword
2141,0,2365.0,2,52.0,Sword
2142,1.0,2366.0,1.0,51.0,Sword
2143,1.0,2366.0,1.0,51.0,Sword
2144,1.0,2366.0,1.0,51.0,Sword
2145,1.0,2366.0,1.0,51.0,Sword
2146,1.0,2366.0,1.0,51.0,Sword
2147,1.0,2366.0,1.0,51.0,Sword
2148,1.0,2366.0,1.0,51.0,Sword
2149,1.0,2366.0,1.0,51.0,Sword
2150,1.0,2366.0,1.0,51.0,Sword
2151,1.0,2366.0,1.0,51.0,Sword
2152,1.0,2366.0,1.0,51.0,Sword
2153,1.0,2366.0,1.0,51.0,Sword
2154,0,2365.0,2,52.0,Sword
2155,1.0,2366.0,1.0,51.0,Sword
2156,1.0,2366.0,1.0,51.0,Sword
2157,1.0,2366.0,1.0,51.0,Sword
2158,0,2365.0,2,52.0,Sword
2159,1.0,2366.0,1.0,51.0,Sword
2160,1.0,2366.0,1.0,51.0,Sword
2161,1.0,2366.0,1.0,51.0,Sword
2162,1.0,2366.0,1.0,51.0,Sword
2163,1.0,2366.0,1.0,51.0,Sword
2164,1.0,2366.0,1.0,51.0,Sword
2165,1.0,2366.0,1.0,51.0,Sword
2166,0,2365.0,2,52.0,Sword
2167,0,2365.0,2,52.0,Sword
2168,1.0,2366.0,1.0,51.0,Sword
2169,1.0,2366.0,1.0,51.0,Sword
2170,1.0,2366.0,1.0,51.0,Sword
2171,1.0,2366.0,1.0,51.0,Sword
2172,0,2365.0,2,52.0,Sword
2173,0,2365.0,2,52.0,Sword
2174,1.0,2366.0,1.0,51.0,Sword
2175,1.0,2366.0,1.0,51.0,Sword
2176,0,2365.0,2,52.0,Sword
2177,1.0,2366.0,1.0,51.0,Sword
2178,1.0,2366.0,1.0,51.0,Sword
2179,1.0,2366.0,1.0,51.0,Sword
2180,1.0,2366.0,1.0,51.0,Sword
2181,0,2365.0,2,52.0,Sword
2182,1.0,2366.0,1.0,51.0,Sword
2183,0,2365.0,2,52.0,Sword
2184,0,2365.0,2,52.0,Sword
2185,1.0,2366.0,1.0,51.0,Sword
2186,0,2365.0,2,52.0,Sword
2187,1.0,2376.0,1.0,41.0,Tool
2188,1.0,2376.0,1.0,41.0,Tool
2189,1.0,2376.0,1.0,41.0,Tool
2190,1.0,2376.0,1.0,41.0,Tool
2191,1.0,2376.0,1.0,41.0,Tool
2192,1.0,2376.0,1.0,41.0,Tool
2193,1.0,2376.0,1.0,41.0,Tool
2194,1.0,2376.0,1.0,41.0,Tool
2195,1.0,2376.0,1.0,41.0,Tool
2196,1.0,2376.0,1.0,41.0,Tool
2197,1.0,2376.0,1.0,41.0,Tool
2198,1.0,2376.0,1.0,41.0,Tool
2199,1.0,2376.0,1.0,41.0,Tool
2200,1.0,2376.0,1.0,41.0,Tool
2201,1.0,2376.0,1.0,41.0,Tool
2202,1.0,2376.0,1.0,41.0,Tool
2203,1.0,2376.0,1.0,41.0,Tool
2204,1.0,2376.0,1.0,41.0,Tool
2205,1.0,2376.0,1.0,41.0,Tool
2206,1.0,2376.0,1.0,41.0,Tool
2207,0,2375.0,2,42.0,Tool
2208,0,2375.0,2,42.0,Tool
2209,0,2375.0,2,42.0,Tool
2210,0,2375.0,2,42.0,Tool
2211,1.0,2376.0,1.0,41.0,Tool
2212,0,2375.0,2,42.0,Tool
2213,0,2375.0,2,42.0,Tool
2214,0,2375.0,2,42.0,Tool
2215,0,2375.0,2,42.0,Tool
2216,0,2375.0,2,42.0,Tool
2217,0,2375.0,2,42.0,Tool
2218,0,2375.0,2,42.0,Tool
2219,0,2375.0,2,42.0,Tool
2220,0,2375.0,2,42.0,Tool
2221,1.0,2376.0,1.0,41.0,Tool
2222,0,2375.0,2,42.0,Tool
2223,0,2375.0,2,42.0,Tool
2224,0,2375.0,2,42.0,Tool
2225,1.0,2376.0,1.0,41.0,Tool
2226,0,2375.0,2,42.0,Tool
2227,0,2375.0,2,42.0,Tool
2228,0,2375.0,2,42.0,Tool
2229,0,2389.0,2,28.0,Train
2230,1.0,2390.0,1.0,27.0,Train
2231,0,2389.0,2,28.0,Train
2232,0,2389.0,2,28.0,Train
2233,0,2389.0,2,28.0,Train
2234,0,2389.0,2,28.0,Train
2235,0,2389.0,2,28.0,Train
2236,0,2389.0,2,28.0,Train
2237,0,2389.0,2,28.0,Train
2238,0,2389.0,2,28.0,Train
2239,0,2389.0,2,28.0,Train
2240,0,2389.0,2,28.0,Train
2241,0,2389.0,2,28.0,Train
2242,0,2389.0,2,28.0,Train
2243,0,2389.0,2,28.0,Train
2244,1.0,2390.0,1.0,27.0,Train
2245,0,2389.0,2,28.0,Train
2246,0,2389.0,2,28.0,Train
2247,0,2389.0,2,28.0,Train
2248,0,2389.0,2,28.0,Train
2249,1.0,2390.0,1.0,27.0,Train
2250,1.0,2390.0,1.0,27.0,Train
2251,0,2389.0,2,28.0,Train
2252,0,2389.0,2,28.0,Train
2253,0,2389.0,2,28.0,Train
2254,0,2389.0,2,28.0,Train
2255,0,2389.0,2,28.0,Train
2256,0,2389.0,2,28.0,Train
2257,0,2370.0,2,47.0,Tree
2258,1.0,2371.0,1.0,46.0,Tree
2259,0,2370.0,2,47.0,Tree
2260,0,2370.0,2,47.0,Tree
2261,0,2370.0,2,47.0,Tree
2262,0,2370.0,2,47.0,Tree
2263,0,2370.0,2,47.0,Tree
2264,0,2370.0,2,47.0,Tree
2265,0,2370.0,2,47.0,Tree
2266,0,2370.0,2,47.0,Tree
2267,1.0,2371.0,1.0,46.0,Tree
2268,0,2370.0,2,47.0,Tree
2269,0,2370.0,2,47.0,Tree
2270,0,2370.0,2,47.0,Tree
2271,0,2370.0,2,47.0,Tree
2272,0,2370.0,2,47.0,Tree
2273,1.0,2371.0,1.0,46.0,Tree
2274,1.0,2371.0,1.0,46.0,Tree
2275,0,2370.0,2,47.0,Tree
2276,0,2370.0,2,47.0,Tree
2277,0,2370.0,2,47.0,Tree
2278,1.0,2371.0,1.0,46.0,Tree
2279,0,2370.0,2,47.0,Tree
2280,1.0,2371.0,1.0,46.0,Tree
2281,1.0,2371.0,1.0,46.0,Tree
2282,0,2370.0,2,47.0,Tree
2283,0,2370.0,2,47.0,Tree
2284,0,2370.0,2,47.0,Tree
2285,0,2370.0,2,47.0,Tree
2286,0,2370.0,2,47.0,Tree
2287,0,2370.0,2,47.0,Tree
2288,0,2370.0,2,47.0,Tree
2289,0,2370.0,2,47.0,Tree
2290,0,2370.0,2,47.0,Tree
2291,0,2370.0,2,47.0,Tree
2292,0,2370.0,2,47.0,Tree
2293,0,2370.0,2,47.0,Tree
2294,0,2370.0,2,47.0,Tree
2295,0,2370.0,2,47.0,Tree
2296,0,2370.0,2,47.0,Tree
2297,0,2370.0,2,47.0,Tree
2298,0,2370.0,2,47.0,Tree
2299,1.0,2371.0,1.0,46.0,Tree
2300,1.0,2371.0,1.0,46.0,Tree
2301,0,2370.0,2,47.0,Tree
2302,0,2370.0,2,47.0,Tree
2303,0,2370.0,2,47.0,Tree
2304,0,2392.0,2,25.0,Truck
2305,0,2392.0,2,25.0,Truck
2306,0,2392.0,2,25.0,Truck
2307,1.0,2393.0,1.0,24.0,Truck
2308,0,2392.0,2,25.0,Truck
2309,1.0,2393.0,1.0,24.0,Truck
2310,1.0,2393.0,1.0,24.0,Truck
2311,0,2392.0,2,25.0,Truck
2312,0,2392.0,2,25.0,Truck
2313,0,2392.0,2,25.0,Truck
2314,0,2392.0,2,25.0,Truck
2315,0,2392.0,2,25.0,Truck
2316,0,2392.0,2,25.0,Truck
2317,0,2392.0,2,25.0,Truck
2318,1.0,2393.0,1.0,24.0,Truck
2319,0,2392.0,2,25.0,Truck
2320,0,2392.0,2,25.0,Truck
2321,1.0,2393.0,1.0,24.0,Truck
2322,0,2392.0,2,25.0,Truck
2323,0,2392.0,2,25.0,Truck
2324,0,2392.0,2,25.0,Truck
2325,0,2392.0,2,25.0,Truck
2326,0,2392.0,2,25.0,Truck
2327,1.0,2393.0,1.0,24.0,Truck
2328,0,2392.0,2,25.0,Truck
2329,0,2401.0,2,16.0,TruckNonContainer
2330,0,2401.0,2,16.0,TruckNonContainer
2331,0,2401.0,2,16.0,TruckNonContainer
2332,0,2401.0,2,16.0,TruckNonContainer
2333,1.0,2402.0,1.0,15.0,TruckNonContainer
2334,0,2401.0,2,16.0,TruckNonContainer
2335,1.0,2402.0,1.0,15.0,TruckNonContainer
2336,0,2401.0,2,16.0,TruckNonContainer
2337,0,2401.0,2,16.0,TruckNonContainer
2338,0,2401.0,2,16.0,TruckNonContainer
2339,1.0,2402.0,1.0,15.0,TruckNonContainer
2340,1.0,2402.0,1.0,15.0,TruckNonContainer
2341,0,2401.0,2,16.0,TruckNonContainer
2342,0,2401.0,2,16.0,TruckNonContainer
2343,1.0,2402.0,1.0,15.0,TruckNonContainer
2344,1.0,2402.0,1.0,15.0,TruckNonContainer
2345,0,2398.0,2,19.0,Vase
2346,0,2398.0,2,19.0,Vase
2347,0,2398.0,2,19.0,Vase
2348,0,2398.0,2,19.0,Vase
2349,0,2398.0,2,19.0,Vase
2350,0,2398.0,2,19.0,Vase
2351,0,2398.0,2,19.0,Vase
2352,0,2398.0,2,19.0,Vase
2353,0,2398.0,2,19.0,Vase
2354,1.0,2399.0,1.0,18.0,Vase
2355,0,2398.0,2,19.0,Vase
2356,0,2398.0,2,19.0,Vase
2357,0,2398.0,2,19.0,Vase
2358,0,2398.0,2,19.0,Vase
2359,1.0,2399.0,1.0,18.0,Vase
2360,1.0,2399.0,1.0,18.0,Vase
2361,0,2398.0,2,19.0,Vase
2362,1.0,2399.0,1.0,18.0,Vase
2363,0,2398.0,2,19.0,Vase
2364,0,2398.0,2,19.0,Violin
2365,0,2398.0,2,19.0,Violin
2366,0,2398.0,2,19.0,Violin
2367,0,2398.0,2,19.0,Violin
2368,0,2398.0,2,19.0,Violin
2369,1.0,2399.0,1.0,18.0,Violin
2370,0,2398.0,2,19.0,Violin
2371,1.0,2399.0,1.0,18.0,Violin
2372,1.0,2399.0,1.0,18.0,Violin
2373,1.0,2399.0,1.0,18.0,Violin
2374,0,2398.0,2,19.0,Violin
2375,1.0,2399.0,1.0,18.0,Violin
2376,0,2398.0,2,19.0,Violin
2377,0,2398.0,2,19.0,Violin
2378,1.0,2399.0,1.0,18.0,Violin
2379,1.0,2399.0,1.0,18.0,Violin
2380,0,2398.0,2,19.0,Violin
2381,0,2398.0,2,19.0,Violin
2382,0,2398.0,2,19.0,Violin
2383,0,2401.0,2,16.0,Wheel
2384,0,2401.0,2,16.0,Wheel
2385,0,2401.0,2,16.0,Wheel
2386,0,2401.0,2,16.0,Wheel
2387,1.0,2402.0,1.0,15.0,Wheel
2388,1.0,2402.0,1.0,15.0,Wheel
2389,0,2401.0,2,16.0,Wheel
2390,0,2401.0,2,16.0,Wheel
2391,0,2401.0,2,16.0,Wheel
2392,0,2401.0,2,16.0,Wheel
2393,1.0,2402.0,1.0,15.0,Wheel
2394,1.0,2402.0,1.0,15.0,Wheel
2395,0,2401.0,2,16.0,Wheel
2396,0,2401.0,2,16.0,Wheel
2397,0,2401.0,2,16.0,Wheel
2398,0,2401.0,2,16.0,Wheel
2399,0,2397.0,2,20.0,WheelChair
2400,0,2397.0,2,20.0,WheelChair
2401,0,2397.0,2,20.0,WheelChair
2402,0,2397.0,2,20.0,WheelChair
2403,0,2397.0,2,20.0,WheelChair
2404,1.0,2398.0,1.0,19.0,WheelChair
2405,1.0,2398.0,1.0,19.0,WheelChair
2406,1.0,2398.0,1.0,19.0,WheelChair
2407,0,2397.0,2,20.0,WheelChair
2408,0,2397.0,2,20.0,WheelChair
2409,1.0,2398.0,1.0,19.0,WheelChair
2410,1.0,2398.0,1.0,19.0,WheelChair
2411,0,2397.0,2,20.0,WheelChair
2412,1.0,2398.0,1.0,19.0,WheelChair
2413,0,2397.0,2,20.0,WheelChair
2414,1.0,2398.0,1.0,19.0,WheelChair
2415,0,2397.0,2,20.0,WheelChair
2416,0,2397.0,2,20.0,WheelChair
2417,1.0,2398.0,1.0,19.0,WheelChair
2418,0,2397.0,2,20.0,WheelChair
